	BasePosition	bacteroides_vulgatus	panel
0	1	-0.0	CP013020.1
1	2	-16.67	CP013020.1
2	3	-0.0	CP013020.1
3	4	-0.0	CP013020.1
4	5	-0.0	CP013020.1
5	6	-0.0	CP013020.1
6	7	-0.0	CP013020.1
7	8	-0.0	CP013020.1
8	9	-0.0	CP013020.1
9	10	-0.0	CP013020.1
10	11	-0.0	CP013020.1
11	12	-0.0	CP013020.1
12	13	-0.0	CP013020.1
13	14	-0.0	CP013020.1
14	15	-0.0	CP013020.1
15	16	-0.0	CP013020.1
16	17	-0.0	CP013020.1
17	18	-0.0	CP013020.1
18	19	-0.0	CP013020.1
19	20	-0.0	CP013020.1
20	21	-0.0	CP013020.1
21	22	-0.0	CP013020.1
22	23	-0.0	CP013020.1
23	24	-0.0	CP013020.1
24	25	-0.0	CP013020.1
25	26	-0.0	CP013020.1
26	27	-0.0	CP013020.1
27	28	-0.0	CP013020.1
28	29	-0.0	CP013020.1
29	30	-0.0	CP013020.1
30	31	-0.0	CP013020.1
31	32	-0.0	CP013020.1
32	33	-0.0	CP013020.1
33	34	-0.0	CP013020.1
34	35	-0.0	CP013020.1
35	36	-0.0	CP013020.1
36	37	-0.0	CP013020.1
37	38	-0.0	CP013020.1
38	39	-0.0	CP013020.1
39	40	-0.0	CP013020.1
40	41	-0.0	CP013020.1
41	42	-0.0	CP013020.1
42	43	-0.0	CP013020.1
43	44	-0.0	CP013020.1
44	45	-0.0	CP013020.1
45	46	-0.0	CP013020.1
46	47	-0.0	CP013020.1
47	48	-0.0	CP013020.1
48	49	-0.0	CP013020.1
49	50	-0.0	CP013020.1
50	51	-0.0	CP013020.1
51	52	-0.0	CP013020.1
52	53	-0.0	CP013020.1
53	54	-0.0	CP013020.1
54	55	-0.0	CP013020.1
55	56	-0.0	CP013020.1
56	57	-0.0	CP013020.1
57	58	-0.0	CP013020.1
58	59	-0.0	CP013020.1
59	60	-0.0	CP013020.1
60	61	-0.0	CP013020.1
61	62	-0.0	CP013020.1
62	63	-0.0	CP013020.1
63	64	-0.0	CP013020.1
64	65	-0.0	CP013020.1
65	66	-0.0	CP013020.1
66	67	-0.0	CP013020.1
67	68	-0.0	CP013020.1
68	69	-0.0	CP013020.1
69	70	-0.0	CP013020.1
70	71	-0.0	CP013020.1
71	72	-0.0	CP013020.1
72	73	-0.0	CP013020.1
73	74	-0.0	CP013020.1
74	75	-0.0	CP013020.1
75	76	-0.0	CP013020.1
76	77	-0.0	CP013020.1
77	78	-0.0	CP013020.1
78	79	-0.0	CP013020.1
79	80	-0.0	CP013020.1
80	81	-0.0	CP013020.1
81	82	-0.0	CP013020.1
82	83	-0.0	CP013020.1
83	84	-0.0	CP013020.1
84	85	-0.0	CP013020.1
85	86	-0.0	CP013020.1
86	87	-0.0	CP013020.1
87	88	-0.0	CP013020.1
88	89	-0.0	CP013020.1
89	90	-0.0	CP013020.1
90	91	-0.0	CP013020.1
91	92	-0.0	CP013020.1
92	93	-0.0	CP013020.1
93	94	-0.0	CP013020.1
94	95	-0.0	CP013020.1
95	96	-0.0	CP013020.1
96	97	-87.5	CP013020.1
97	98	-0.0	CP013020.1
98	99	-62.5	CP013020.1
99	100	-0.0	CP013020.1
100	101	-0.0	CP013020.1
101	102	-0.0	CP013020.1
102	103	-0.0	CP013020.1
103	104	-0.0	CP013020.1
104	105	-0.0	CP013020.1
105	106	-0.0	CP013020.1
106	107	-0.0	CP013020.1
107	108	-0.0	CP013020.1
108	109	-0.0	CP013020.1
109	110	-0.0	CP013020.1
110	111	-0.0	CP013020.1
111	112	-0.0	CP013020.1
112	113	-0.0	CP013020.1
113	114	-0.0	CP013020.1
114	115	-0.0	CP013020.1
115	116	-0.0	CP013020.1
116	117	-0.0	CP013020.1
117	118	-0.0	CP013020.1
118	119	-0.0	CP013020.1
119	120	-0.0	CP013020.1
120	121	-0.0	CP013020.1
121	122	-0.0	CP013020.1
122	123	-0.0	CP013020.1
123	124	-0.0	CP013020.1
124	125	-0.0	CP013020.1
125	126	-0.0	CP013020.1
126	127	-0.0	CP013020.1
127	128	-0.0	CP013020.1
128	129	-0.0	CP013020.1
129	130	-0.0	CP013020.1
130	131	-0.0	CP013020.1
131	132	-0.0	CP013020.1
132	133	-0.0	CP013020.1
133	134	-0.0	CP013020.1
134	135	-0.0	CP013020.1
135	136	-0.0	CP013020.1
136	137	-0.0	CP013020.1
137	138	-0.0	CP013020.1
138	139	-0.0	CP013020.1
139	140	-0.0	CP013020.1
140	141	-0.0	CP013020.1
141	142	-0.0	CP013020.1
142	143	-0.0	CP013020.1
143	144	-0.0	CP013020.1
144	145	-0.0	CP013020.1
145	146	-0.0	CP013020.1
146	147	-0.0	CP013020.1
147	148	-0.0	CP013020.1
148	149	-0.0	CP013020.1
149	150	-0.0	CP013020.1
150	151	-0.0	CP013020.1
151	152	-0.0	CP013020.1
152	153	-0.0	CP013020.1
153	154	-0.0	CP013020.1
154	155	-0.0	CP013020.1
155	156	-0.0	CP013020.1
156	157	-0.0	CP013020.1
157	158	-0.0	CP013020.1
158	159	-0.0	CP013020.1
159	160	-0.0	CP013020.1
160	161	-0.0	CP013020.1
161	162	-0.0	CP013020.1
162	163	-0.0	CP013020.1
163	164	-0.0	CP013020.1
164	165	-0.0	CP013020.1
165	166	-0.0	CP013020.1
166	167	-0.0	CP013020.1
167	168	-0.0	CP013020.1
168	169	-0.0	CP013020.1
169	170	-0.0	CP013020.1
170	171	-0.0	CP013020.1
171	172	-0.0	CP013020.1
172	173	-0.0	CP013020.1
173	174	-0.0	CP013020.1
174	175	-0.0	CP013020.1
175	176	-0.0	CP013020.1
176	177	-0.0	CP013020.1
177	178	-0.0	CP013020.1
178	179	-0.0	CP013020.1
179	180	-0.0	CP013020.1
180	181	-0.0	CP013020.1
181	182	-0.0	CP013020.1
182	183	-0.0	CP013020.1
183	184	-0.0	CP013020.1
184	185	-0.0	CP013020.1
185	186	-0.0	CP013020.1
186	187	-0.0	CP013020.1
187	188	-0.0	CP013020.1
188	189	-0.0	CP013020.1
189	190	-0.0	CP013020.1
190	191	-0.0	CP013020.1
191	192	-0.0	CP013020.1
192	193	-0.0	CP013020.1
193	194	-0.0	CP013020.1
194	195	-0.0	CP013020.1
195	196	-0.0	CP013020.1
196	197	-0.0	CP013020.1
197	198	-0.0	CP013020.1
198	199	-0.0	CP013020.1
199	200	-0.0	CP013020.1
200	201	-0.0	CP013020.1
201	202	-12.5	CP013020.1
202	203	-0.0	CP013020.1
203	204	-0.0	CP013020.1
204	205	-0.0	CP013020.1
205	206	-0.0	CP013020.1
206	207	-0.0	CP013020.1
207	208	-0.0	CP013020.1
208	209	-0.0	CP013020.1
209	210	-0.0	CP013020.1
210	211	-0.0	CP013020.1
211	212	-0.0	CP013020.1
212	213	-0.0	CP013020.1
213	214	-0.0	CP013020.1
214	215	-0.0	CP013020.1
215	216	-0.0	CP013020.1
216	217	-0.0	CP013020.1
217	218	-0.0	CP013020.1
218	219	-0.0	CP013020.1
219	220	-0.0	CP013020.1
220	221	-0.0	CP013020.1
221	222	-0.0	CP013020.1
222	223	-0.0	CP013020.1
223	224	-0.0	CP013020.1
224	225	-0.0	CP013020.1
225	226	-0.0	CP013020.1
226	227	-0.0	CP013020.1
227	228	-0.0	CP013020.1
228	229	-0.0	CP013020.1
229	230	-0.0	CP013020.1
230	231	-0.0	CP013020.1
231	232	-0.0	CP013020.1
232	233	-0.0	CP013020.1
233	234	-0.0	CP013020.1
234	235	-0.0	CP013020.1
235	236	-0.0	CP013020.1
236	237	-0.0	CP013020.1
237	238	-0.0	CP013020.1
238	239	-0.0	CP013020.1
239	240	-0.0	CP013020.1
240	241	-0.0	CP013020.1
241	242	-0.0	CP013020.1
242	243	-0.0	CP013020.1
243	244	-0.0	CP013020.1
244	245	-0.0	CP013020.1
245	246	-0.0	CP013020.1
246	247	-0.0	CP013020.1
247	248	-0.0	CP013020.1
248	249	-0.0	CP013020.1
249	250	-0.0	CP013020.1
250	251	-0.0	CP013020.1
251	252	-0.0	CP013020.1
252	253	-0.0	CP013020.1
253	254	-0.0	CP013020.1
254	255	-0.0	CP013020.1
255	256	-0.0	CP013020.1
256	257	-0.0	CP013020.1
257	258	-0.0	CP013020.1
258	259	-0.0	CP013020.1
259	260	-0.0	CP013020.1
260	261	-0.0	CP013020.1
261	262	-0.0	CP013020.1
262	263	-0.0	CP013020.1
263	264	-0.0	CP013020.1
264	265	-0.0	CP013020.1
265	266	-0.0	CP013020.1
266	267	-0.0	CP013020.1
267	268	-0.0	CP013020.1
268	269	-0.0	CP013020.1
269	270	-0.0	CP013020.1
270	271	-0.0	CP013020.1
271	272	-0.0	CP013020.1
272	273	-0.0	CP013020.1
273	274	-0.0	CP013020.1
274	275	-0.0	CP013020.1
275	276	-0.0	CP013020.1
276	277	-0.0	CP013020.1
277	278	-0.0	CP013020.1
278	279	-0.0	CP013020.1
279	280	-0.0	CP013020.1
280	281	-0.0	CP013020.1
281	282	-0.0	CP013020.1
282	283	-0.0	CP013020.1
283	284	-0.0	CP013020.1
284	285	-0.0	CP013020.1
285	286	-0.0	CP013020.1
286	287	-0.0	CP013020.1
287	288	-0.0	CP013020.1
288	289	-0.0	CP013020.1
289	290	-0.0	CP013020.1
290	291	-0.0	CP013020.1
291	292	-0.0	CP013020.1
292	293	-0.0	CP013020.1
293	294	-0.0	CP013020.1
294	295	-0.0	CP013020.1
295	296	-0.0	CP013020.1
296	297	-0.0	CP013020.1
297	298	-0.0	CP013020.1
298	299	-0.0	CP013020.1
299	300	-0.0	CP013020.1
300	301	-0.0	CP013020.1
301	302	-0.0	CP013020.1
302	303	-0.0	CP013020.1
303	304	-0.0	CP013020.1
304	305	-0.0	CP013020.1
305	306	-0.0	CP013020.1
306	307	-0.0	CP013020.1
307	308	-0.0	CP013020.1
308	309	-0.0	CP013020.1
309	310	-0.0	CP013020.1
310	311	-0.0	CP013020.1
311	312	-0.0	CP013020.1
312	313	-0.0	CP013020.1
313	314	-0.0	CP013020.1
314	315	-0.0	CP013020.1
315	316	-0.0	CP013020.1
316	317	-0.0	CP013020.1
317	318	-0.0	CP013020.1
318	319	-0.0	CP013020.1
319	320	-0.0	CP013020.1
320	321	-0.0	CP013020.1
321	322	-0.0	CP013020.1
322	323	-0.0	CP013020.1
323	324	-0.0	CP013020.1
324	325	-0.0	CP013020.1
325	326	-0.0	CP013020.1
326	327	-0.0	CP013020.1
327	328	-0.0	CP013020.1
328	329	-0.0	CP013020.1
329	330	-0.0	CP013020.1
330	331	-0.0	CP013020.1
331	332	-0.0	CP013020.1
332	333	-0.0	CP013020.1
333	334	-0.0	CP013020.1
334	335	-0.0	CP013020.1
335	336	-0.0	CP013020.1
336	337	-0.0	CP013020.1
337	338	-0.0	CP013020.1
338	339	-0.0	CP013020.1
339	340	-0.0	CP013020.1
340	341	-0.0	CP013020.1
341	342	-0.0	CP013020.1
342	343	-0.0	CP013020.1
343	344	-0.0	CP013020.1
344	345	-0.0	CP013020.1
345	346	-0.0	CP013020.1
346	347	-0.0	CP013020.1
347	348	-0.0	CP013020.1
348	349	-0.0	CP013020.1
349	350	-0.0	CP013020.1
350	351	-0.0	CP013020.1
351	352	-0.0	CP013020.1
352	353	-0.0	CP013020.1
353	354	-0.0	CP013020.1
354	355	-0.0	CP013020.1
355	356	-0.0	CP013020.1
356	357	-0.0	CP013020.1
357	358	-0.0	CP013020.1
358	359	-0.0	CP013020.1
359	360	-0.0	CP013020.1
360	361	-0.0	CP013020.1
361	362	-0.0	CP013020.1
362	363	-0.0	CP013020.1
363	364	-0.0	CP013020.1
364	365	-0.0	CP013020.1
365	366	-0.0	CP013020.1
366	367	-0.0	CP013020.1
367	368	-0.0	CP013020.1
368	369	-0.0	CP013020.1
369	370	-0.0	CP013020.1
370	371	-0.0	CP013020.1
371	372	-0.0	CP013020.1
372	373	-0.0	CP013020.1
373	374	-0.0	CP013020.1
374	375	-0.0	CP013020.1
375	376	-0.0	CP013020.1
376	377	-0.0	CP013020.1
377	378	-0.0	CP013020.1
378	379	-0.0	CP013020.1
379	380	-0.0	CP013020.1
380	381	-0.0	CP013020.1
381	382	-0.0	CP013020.1
382	383	-0.0	CP013020.1
383	384	-0.0	CP013020.1
384	385	-0.0	CP013020.1
385	386	-0.0	CP013020.1
386	387	-0.0	CP013020.1
387	388	-0.0	CP013020.1
388	389	-0.0	CP013020.1
389	390	-87.5	CP013020.1
390	391	-87.5	CP013020.1
391	392	-87.5	CP013020.1
392	393	-0.0	CP013020.1
393	394	-0.0	CP013020.1
394	395	-0.0	CP013020.1
395	396	-0.0	CP013020.1
396	397	-0.0	CP013020.1
397	398	-0.0	CP013020.1
398	399	-0.0	CP013020.1
399	400	-0.0	CP013020.1
400	401	-0.0	CP013020.1
401	402	-0.0	CP013020.1
402	403	-0.0	CP013020.1
403	404	-0.0	CP013020.1
404	405	-0.0	CP013020.1
405	406	-0.0	CP013020.1
406	407	-0.0	CP013020.1
407	408	-0.0	CP013020.1
408	409	-0.0	CP013020.1
409	410	-0.0	CP013020.1
410	411	-0.0	CP013020.1
411	412	-0.0	CP013020.1
412	413	-0.0	CP013020.1
413	414	-0.0	CP013020.1
414	415	-0.0	CP013020.1
415	416	-0.0	CP013020.1
416	417	-0.0	CP013020.1
417	418	-0.0	CP013020.1
418	419	-0.0	CP013020.1
419	420	-0.0	CP013020.1
420	421	-0.0	CP013020.1
421	422	-0.0	CP013020.1
422	423	-0.0	CP013020.1
423	424	-0.0	CP013020.1
424	425	-0.0	CP013020.1
425	426	-0.0	CP013020.1
426	427	-0.0	CP013020.1
427	428	-0.0	CP013020.1
428	429	-0.0	CP013020.1
429	430	-0.0	CP013020.1
430	431	-0.0	CP013020.1
431	432	-0.0	CP013020.1
432	433	-0.0	CP013020.1
433	434	-0.0	CP013020.1
434	435	-0.0	CP013020.1
435	436	-0.0	CP013020.1
436	437	-0.0	CP013020.1
437	438	-0.0	CP013020.1
438	439	-0.0	CP013020.1
439	440	-0.0	CP013020.1
440	441	-0.0	CP013020.1
441	442	-0.0	CP013020.1
442	443	-0.0	CP013020.1
443	444	-0.0	CP013020.1
444	445	-0.0	CP013020.1
445	446	-0.0	CP013020.1
446	447	-0.0	CP013020.1
447	448	-0.0	CP013020.1
448	449	-0.0	CP013020.1
449	450	-0.0	CP013020.1
450	451	-0.0	CP013020.1
451	452	-0.0	CP013020.1
452	453	-0.0	CP013020.1
453	454	-0.0	CP013020.1
454	455	-0.0	CP013020.1
455	456	-0.0	CP013020.1
456	457	-0.0	CP013020.1
457	458	-0.0	CP013020.1
458	459	-0.0	CP013020.1
459	460	-0.0	CP013020.1
460	461	-0.0	CP013020.1
461	462	-0.0	CP013020.1
462	463	-0.0	CP013020.1
463	464	-0.0	CP013020.1
464	465	-0.0	CP013020.1
465	466	-0.0	CP013020.1
466	467	-0.0	CP013020.1
467	468	-0.0	CP013020.1
468	469	-0.0	CP013020.1
469	470	-0.0	CP013020.1
470	471	-0.0	CP013020.1
471	472	-0.0	CP013020.1
472	473	-0.0	CP013020.1
473	474	-0.0	CP013020.1
474	475	-0.0	CP013020.1
475	476	-0.0	CP013020.1
476	477	-0.0	CP013020.1
477	478	-0.0	CP013020.1
478	479	-0.0	CP013020.1
479	480	-0.0	CP013020.1
480	481	-0.0	CP013020.1
481	482	-0.0	CP013020.1
482	483	-0.0	CP013020.1
483	484	-0.0	CP013020.1
484	485	-0.0	CP013020.1
485	486	-0.0	CP013020.1
486	487	-0.0	CP013020.1
487	488	-0.0	CP013020.1
488	489	-0.0	CP013020.1
489	490	-0.0	CP013020.1
490	491	-0.0	CP013020.1
491	492	-0.0	CP013020.1
492	493	-0.0	CP013020.1
493	494	-0.0	CP013020.1
494	495	-0.0	CP013020.1
495	496	-0.0	CP013020.1
496	497	-0.0	CP013020.1
497	498	-0.0	CP013020.1
498	499	-0.0	CP013020.1
499	500	-0.0	CP013020.1
500	501	-0.0	CP013020.1
501	502	-0.0	CP013020.1
502	503	-0.0	CP013020.1
503	504	-0.0	CP013020.1
504	505	-0.0	CP013020.1
505	506	-0.0	CP013020.1
506	507	-0.0	CP013020.1
507	508	-0.0	CP013020.1
508	509	-0.0	CP013020.1
509	510	-0.0	CP013020.1
510	511	-0.0	CP013020.1
511	512	-0.0	CP013020.1
512	513	-0.0	CP013020.1
513	514	-0.0	CP013020.1
514	515	-0.0	CP013020.1
515	516	-0.0	CP013020.1
516	517	-0.0	CP013020.1
517	518	-0.0	CP013020.1
518	519	-0.0	CP013020.1
519	520	-0.0	CP013020.1
520	521	-0.0	CP013020.1
521	522	-0.0	CP013020.1
522	523	-0.0	CP013020.1
523	524	-0.0	CP013020.1
524	525	-0.0	CP013020.1
525	526	-0.0	CP013020.1
526	527	-0.0	CP013020.1
527	528	-0.0	CP013020.1
528	529	-0.0	CP013020.1
529	530	-0.0	CP013020.1
530	531	-0.0	CP013020.1
531	532	-0.0	CP013020.1
532	533	-0.0	CP013020.1
533	534	-0.0	CP013020.1
534	535	-0.0	CP013020.1
535	536	-0.0	CP013020.1
536	537	-0.0	CP013020.1
537	538	-0.0	CP013020.1
538	539	-0.0	CP013020.1
539	540	-0.0	CP013020.1
540	541	-0.0	CP013020.1
541	542	-0.0	CP013020.1
542	543	-0.0	CP013020.1
543	544	-0.0	CP013020.1
544	545	-0.0	CP013020.1
545	546	-0.0	CP013020.1
546	547	-0.0	CP013020.1
547	548	-0.0	CP013020.1
548	549	-0.0	CP013020.1
549	550	-0.0	CP013020.1
550	551	-0.0	CP013020.1
551	552	-0.0	CP013020.1
552	553	-0.0	CP013020.1
553	554	-0.0	CP013020.1
554	555	-0.0	CP013020.1
555	556	-0.0	CP013020.1
556	557	-0.0	CP013020.1
557	558	-0.0	CP013020.1
558	559	-0.0	CP013020.1
559	560	-0.0	CP013020.1
560	561	-0.0	CP013020.1
561	562	-0.0	CP013020.1
562	563	-0.0	CP013020.1
563	564	-0.0	CP013020.1
564	565	-0.0	CP013020.1
565	566	-0.0	CP013020.1
566	567	-0.0	CP013020.1
567	568	-0.0	CP013020.1
568	569	-0.0	CP013020.1
569	570	-0.0	CP013020.1
570	571	-0.0	CP013020.1
571	572	-0.0	CP013020.1
572	573	-0.0	CP013020.1
573	574	-0.0	CP013020.1
574	575	-0.0	CP013020.1
575	576	-0.0	CP013020.1
576	577	-0.0	CP013020.1
577	578	-0.0	CP013020.1
578	579	-0.0	CP013020.1
579	580	-0.0	CP013020.1
580	581	-0.0	CP013020.1
581	582	-0.0	CP013020.1
582	583	-0.0	CP013020.1
583	584	-0.0	CP013020.1
584	585	-0.0	CP013020.1
585	586	-0.0	CP013020.1
586	587	-0.0	CP013020.1
587	588	-0.0	CP013020.1
588	589	-0.0	CP013020.1
589	590	-0.0	CP013020.1
590	591	-0.0	CP013020.1
591	592	-0.0	CP013020.1
592	593	-0.0	CP013020.1
593	594	-0.0	CP013020.1
594	595	-0.0	CP013020.1
595	596	-0.0	CP013020.1
596	597	-0.0	CP013020.1
597	598	-0.0	CP013020.1
598	599	-0.0	CP013020.1
599	600	-0.0	CP013020.1
600	601	-0.0	CP013020.1
601	602	-0.0	CP013020.1
602	603	-0.0	CP013020.1
603	604	-0.0	CP013020.1
604	605	-0.0	CP013020.1
605	606	-0.0	CP013020.1
606	607	-0.0	CP013020.1
607	608	-0.0	CP013020.1
608	609	-0.0	CP013020.1
609	610	-0.0	CP013020.1
610	611	-0.0	CP013020.1
611	612	-0.0	CP013020.1
612	613	-0.0	CP013020.1
613	614	-0.0	CP013020.1
614	615	-0.0	CP013020.1
615	616	-0.0	CP013020.1
616	617	-0.0	CP013020.1
617	618	-0.0	CP013020.1
618	619	-0.0	CP013020.1
619	620	-0.0	CP013020.1
620	621	-0.0	CP013020.1
621	622	-0.0	CP013020.1
622	623	-0.0	CP013020.1
623	624	-0.0	CP013020.1
624	625	-0.0	CP013020.1
625	626	-0.0	CP013020.1
626	627	-0.0	CP013020.1
627	628	-0.0	CP013020.1
628	629	-0.0	CP013020.1
629	630	-0.0	CP013020.1
630	631	-0.0	CP013020.1
631	632	-0.0	CP013020.1
632	633	-0.0	CP013020.1
633	634	-0.0	CP013020.1
634	635	-0.0	CP013020.1
635	636	-0.0	CP013020.1
636	637	-0.0	CP013020.1
637	638	-0.0	CP013020.1
638	639	-0.0	CP013020.1
639	640	-0.0	CP013020.1
640	641	-0.0	CP013020.1
641	642	-0.0	CP013020.1
642	643	-0.0	CP013020.1
643	644	-0.0	CP013020.1
644	645	-0.0	CP013020.1
645	646	-0.0	CP013020.1
646	647	-0.0	CP013020.1
647	648	-0.0	CP013020.1
648	649	-0.0	CP013020.1
649	650	-0.0	CP013020.1
650	651	-0.0	CP013020.1
651	652	-0.0	CP013020.1
652	653	-0.0	CP013020.1
653	654	-0.0	CP013020.1
654	655	-0.0	CP013020.1
655	656	-0.0	CP013020.1
656	657	-0.0	CP013020.1
657	658	-0.0	CP013020.1
658	659	-0.0	CP013020.1
659	660	-0.0	CP013020.1
660	661	-0.0	CP013020.1
661	662	-0.0	CP013020.1
662	663	-0.0	CP013020.1
663	664	-0.0	CP013020.1
664	665	-0.0	CP013020.1
665	666	-0.0	CP013020.1
666	667	-0.0	CP013020.1
667	668	-0.0	CP013020.1
668	669	-0.0	CP013020.1
669	670	-0.0	CP013020.1
670	671	-0.0	CP013020.1
671	672	-0.0	CP013020.1
672	673	-0.0	CP013020.1
673	674	-0.0	CP013020.1
674	675	-0.0	CP013020.1
675	676	-0.0	CP013020.1
676	677	-0.0	CP013020.1
677	678	-0.0	CP013020.1
678	679	-0.0	CP013020.1
679	680	-0.0	CP013020.1
680	681	-0.0	CP013020.1
681	682	-0.0	CP013020.1
682	683	-0.0	CP013020.1
683	684	-0.0	CP013020.1
684	685	-0.0	CP013020.1
685	686	-0.0	CP013020.1
686	687	-0.0	CP013020.1
687	688	-0.0	CP013020.1
688	689	-0.0	CP013020.1
689	690	-0.0	CP013020.1
690	691	-0.0	CP013020.1
691	692	-0.0	CP013020.1
692	693	-0.0	CP013020.1
693	694	-0.0	CP013020.1
694	695	-0.0	CP013020.1
695	696	-0.0	CP013020.1
696	697	-0.0	CP013020.1
697	698	-0.0	CP013020.1
698	699	-0.0	CP013020.1
699	700	-0.0	CP013020.1
700	701	-0.0	CP013020.1
701	702	-0.0	CP013020.1
702	703	-0.0	CP013020.1
703	704	-0.0	CP013020.1
704	705	-0.0	CP013020.1
705	706	-0.0	CP013020.1
706	707	-0.0	CP013020.1
707	708	-0.0	CP013020.1
708	709	-0.0	CP013020.1
709	710	-0.0	CP013020.1
710	711	-0.0	CP013020.1
711	712	-0.0	CP013020.1
712	713	-0.0	CP013020.1
713	714	-0.0	CP013020.1
714	715	-0.0	CP013020.1
715	716	-0.0	CP013020.1
716	717	-0.0	CP013020.1
717	718	-0.0	CP013020.1
718	719	-0.0	CP013020.1
719	720	-0.0	CP013020.1
720	721	-0.0	CP013020.1
721	722	-0.0	CP013020.1
722	723	-0.0	CP013020.1
723	724	-0.0	CP013020.1
724	725	-0.0	CP013020.1
725	726	-0.0	CP013020.1
726	727	-0.0	CP013020.1
727	728	-0.0	CP013020.1
728	729	-0.0	CP013020.1
729	730	-0.0	CP013020.1
730	731	-0.0	CP013020.1
731	732	-0.0	CP013020.1
732	733	-0.0	CP013020.1
733	734	-0.0	CP013020.1
734	735	-0.0	CP013020.1
735	736	-0.0	CP013020.1
736	737	-0.0	CP013020.1
737	738	-0.0	CP013020.1
738	739	-0.0	CP013020.1
739	740	-0.0	CP013020.1
740	741	-0.0	CP013020.1
741	742	-0.0	CP013020.1
742	743	-0.0	CP013020.1
743	744	-0.0	CP013020.1
744	745	-0.0	CP013020.1
745	746	-0.0	CP013020.1
746	747	-0.0	CP013020.1
747	748	-0.0	CP013020.1
748	749	-0.0	CP013020.1
749	750	-0.0	CP013020.1
750	751	-0.0	CP013020.1
751	752	-0.0	CP013020.1
752	753	-0.0	CP013020.1
753	754	-0.0	CP013020.1
754	755	-0.0	CP013020.1
755	756	-0.0	CP013020.1
756	757	-0.0	CP013020.1
757	758	-0.0	CP013020.1
758	759	-0.0	CP013020.1
759	760	-0.0	CP013020.1
760	761	-0.0	CP013020.1
761	762	-0.0	CP013020.1
762	763	-0.0	CP013020.1
763	764	-0.0	CP013020.1
764	765	-0.0	CP013020.1
765	766	-0.0	CP013020.1
766	767	-0.0	CP013020.1
767	768	-0.0	CP013020.1
768	769	-0.0	CP013020.1
769	770	-0.0	CP013020.1
770	771	-0.0	CP013020.1
771	772	-0.0	CP013020.1
772	773	-0.0	CP013020.1
773	774	-0.0	CP013020.1
774	775	-0.0	CP013020.1
775	776	-0.0	CP013020.1
776	777	-0.0	CP013020.1
777	778	-0.0	CP013020.1
778	779	-0.0	CP013020.1
779	780	-0.0	CP013020.1
780	781	-0.0	CP013020.1
781	782	-0.0	CP013020.1
782	783	-0.0	CP013020.1
783	784	-0.0	CP013020.1
784	785	-0.0	CP013020.1
785	786	-0.0	CP013020.1
786	787	-0.0	CP013020.1
787	788	-0.0	CP013020.1
788	789	-0.0	CP013020.1
789	790	-0.0	CP013020.1
790	791	-0.0	CP013020.1
791	792	-0.0	CP013020.1
792	793	-0.0	CP013020.1
793	794	-0.0	CP013020.1
794	795	-0.0	CP013020.1
795	796	-0.0	CP013020.1
796	797	-0.0	CP013020.1
797	798	-0.0	CP013020.1
798	799	-0.0	CP013020.1
799	800	-0.0	CP013020.1
800	801	-0.0	CP013020.1
801	802	-0.0	CP013020.1
802	803	-0.0	CP013020.1
803	804	-0.0	CP013020.1
804	805	-0.0	CP013020.1
805	806	-0.0	CP013020.1
806	807	-0.0	CP013020.1
807	808	-0.0	CP013020.1
808	809	-0.0	CP013020.1
809	810	-0.0	CP013020.1
810	811	-0.0	CP013020.1
811	812	-0.0	CP013020.1
812	813	-0.0	CP013020.1
813	814	-0.0	CP013020.1
814	815	-0.0	CP013020.1
815	816	-0.0	CP013020.1
816	817	-0.0	CP013020.1
817	818	-0.0	CP013020.1
818	819	-0.0	CP013020.1
819	820	-0.0	CP013020.1
820	821	-0.0	CP013020.1
821	822	-0.0	CP013020.1
822	823	-0.0	CP013020.1
823	824	-0.0	CP013020.1
824	825	-0.0	CP013020.1
825	826	-0.0	CP013020.1
826	827	-0.0	CP013020.1
827	828	-0.0	CP013020.1
828	829	-0.0	CP013020.1
829	830	-0.0	CP013020.1
830	831	-0.0	CP013020.1
831	832	-0.0	CP013020.1
832	833	-0.0	CP013020.1
833	834	-0.0	CP013020.1
834	835	-0.0	CP013020.1
835	836	-0.0	CP013020.1
836	837	-0.0	CP013020.1
837	838	-0.0	CP013020.1
838	839	-0.0	CP013020.1
839	840	-0.0	CP013020.1
840	841	-0.0	CP013020.1
841	842	-0.0	CP013020.1
842	843	-0.0	CP013020.1
843	844	-0.0	CP013020.1
844	845	-0.0	CP013020.1
845	846	-0.0	CP013020.1
846	847	-0.0	CP013020.1
847	848	-0.0	CP013020.1
848	849	-87.5	CP013020.1
849	850	-0.0	CP013020.1
850	851	-0.0	CP013020.1
851	852	-0.0	CP013020.1
852	853	-0.0	CP013020.1
853	854	-0.0	CP013020.1
854	855	-0.0	CP013020.1
855	856	-0.0	CP013020.1
856	857	-0.0	CP013020.1
857	858	-0.0	CP013020.1
858	859	-0.0	CP013020.1
859	860	-0.0	CP013020.1
860	861	-0.0	CP013020.1
861	862	-0.0	CP013020.1
862	863	-0.0	CP013020.1
863	864	-0.0	CP013020.1
864	865	-0.0	CP013020.1
865	866	-0.0	CP013020.1
866	867	-0.0	CP013020.1
867	868	-0.0	CP013020.1
868	869	-0.0	CP013020.1
869	870	-0.0	CP013020.1
870	871	-0.0	CP013020.1
871	872	-0.0	CP013020.1
872	873	-0.0	CP013020.1
873	874	-0.0	CP013020.1
874	875	-0.0	CP013020.1
875	876	-0.0	CP013020.1
876	877	-0.0	CP013020.1
877	878	-0.0	CP013020.1
878	879	-0.0	CP013020.1
879	880	-0.0	CP013020.1
880	881	-0.0	CP013020.1
881	882	-0.0	CP013020.1
882	883	-0.0	CP013020.1
883	884	-0.0	CP013020.1
884	885	-0.0	CP013020.1
885	886	-0.0	CP013020.1
886	887	-0.0	CP013020.1
887	888	-0.0	CP013020.1
888	889	-0.0	CP013020.1
889	890	-0.0	CP013020.1
890	891	-0.0	CP013020.1
891	892	-0.0	CP013020.1
892	893	-0.0	CP013020.1
893	894	-0.0	CP013020.1
894	895	-0.0	CP013020.1
895	896	-0.0	CP013020.1
896	897	-0.0	CP013020.1
897	898	-0.0	CP013020.1
898	899	-0.0	CP013020.1
899	900	-0.0	CP013020.1
900	901	-0.0	CP013020.1
901	902	-0.0	CP013020.1
902	903	-0.0	CP013020.1
903	904	-0.0	CP013020.1
904	905	-0.0	CP013020.1
905	906	-0.0	CP013020.1
906	907	-0.0	CP013020.1
907	908	-0.0	CP013020.1
908	909	-0.0	CP013020.1
909	910	-0.0	CP013020.1
910	911	-0.0	CP013020.1
911	912	-0.0	CP013020.1
912	913	-0.0	CP013020.1
913	914	-0.0	CP013020.1
914	915	-0.0	CP013020.1
915	916	-0.0	CP013020.1
916	917	-0.0	CP013020.1
917	918	-0.0	CP013020.1
918	919	-0.0	CP013020.1
919	920	-0.0	CP013020.1
920	921	-0.0	CP013020.1
921	922	-0.0	CP013020.1
922	923	-0.0	CP013020.1
923	924	-0.0	CP013020.1
924	925	-0.0	CP013020.1
925	926	-0.0	CP013020.1
926	927	-0.0	CP013020.1
927	928	-0.0	CP013020.1
928	929	-0.0	CP013020.1
929	930	-0.0	CP013020.1
930	931	-0.0	CP013020.1
931	932	-0.0	CP013020.1
932	933	-0.0	CP013020.1
933	934	-0.0	CP013020.1
934	935	-0.0	CP013020.1
935	936	-0.0	CP013020.1
936	937	-0.0	CP013020.1
937	938	-0.0	CP013020.1
938	939	-0.0	CP013020.1
939	940	-0.0	CP013020.1
940	941	-0.0	CP013020.1
941	942	-0.0	CP013020.1
942	943	-0.0	CP013020.1
943	944	-0.0	CP013020.1
944	945	-0.0	CP013020.1
945	946	-0.0	CP013020.1
946	947	-0.0	CP013020.1
947	948	-0.0	CP013020.1
948	949	-0.0	CP013020.1
949	950	-0.0	CP013020.1
950	951	-0.0	CP013020.1
951	952	-0.0	CP013020.1
952	953	-0.0	CP013020.1
953	954	-0.0	CP013020.1
954	955	-0.0	CP013020.1
955	956	-0.0	CP013020.1
956	957	-0.0	CP013020.1
957	958	-0.0	CP013020.1
958	959	-0.0	CP013020.1
959	960	-0.0	CP013020.1
960	961	-0.0	CP013020.1
961	962	-0.0	CP013020.1
962	963	-0.0	CP013020.1
963	964	-0.0	CP013020.1
964	965	-0.0	CP013020.1
965	966	-0.0	CP013020.1
966	967	-0.0	CP013020.1
967	968	-0.0	CP013020.1
968	969	-0.0	CP013020.1
969	970	-0.0	CP013020.1
970	971	-0.0	CP013020.1
971	972	-0.0	CP013020.1
972	973	-0.0	CP013020.1
973	974	-0.0	CP013020.1
974	975	-0.0	CP013020.1
975	976	-0.0	CP013020.1
976	977	-0.0	CP013020.1
977	978	-0.0	CP013020.1
978	979	-0.0	CP013020.1
979	980	-0.0	CP013020.1
980	981	-0.0	CP013020.1
981	982	-0.0	CP013020.1
982	983	-0.0	CP013020.1
983	984	-0.0	CP013020.1
984	985	-0.0	CP013020.1
985	986	-0.0	CP013020.1
986	987	-0.0	CP013020.1
987	988	-0.0	CP013020.1
988	989	-0.0	CP013020.1
989	990	-0.0	CP013020.1
990	991	-0.0	CP013020.1
991	992	-0.0	CP013020.1
992	993	-0.0	CP013020.1
993	994	-0.0	CP013020.1
994	995	-0.0	CP013020.1
995	996	-0.0	CP013020.1
996	997	-0.0	CP013020.1
997	998	-0.0	CP013020.1
998	999	-0.0	CP013020.1
999	1000	-0.0	CP013020.1
1000	1001	-0.0	CP013020.1
1001	1002	-0.0	CP013020.1
1002	1003	-0.0	CP013020.1
1003	1004	-0.0	CP013020.1
1004	1005	-0.0	CP013020.1
1005	1006	-0.0	CP013020.1
1006	1007	-0.0	CP013020.1
1007	1008	-0.0	CP013020.1
1008	1009	-0.0	CP013020.1
1009	1010	-0.0	CP013020.1
1010	1011	-0.0	CP013020.1
1011	1012	-0.0	CP013020.1
1012	1013	-0.0	CP013020.1
1013	1014	-0.0	CP013020.1
1014	1015	-0.0	CP013020.1
1015	1016	-0.0	CP013020.1
1016	1017	-0.0	CP013020.1
1017	1018	-0.0	CP013020.1
1018	1019	-0.0	CP013020.1
1019	1020	-0.0	CP013020.1
1020	1021	-0.0	CP013020.1
1021	1022	-0.0	CP013020.1
1022	1023	-0.0	CP013020.1
1023	1024	-0.0	CP013020.1
1024	1025	-0.0	CP013020.1
1025	1026	-0.0	CP013020.1
1026	1027	-0.0	CP013020.1
1027	1028	-0.0	CP013020.1
1028	1029	-0.0	CP013020.1
1029	1030	-0.0	CP013020.1
1030	1031	-0.0	CP013020.1
1031	1032	-0.0	CP013020.1
1032	1033	-0.0	CP013020.1
1033	1034	-0.0	CP013020.1
1034	1035	-0.0	CP013020.1
1035	1036	-0.0	CP013020.1
1036	1037	-0.0	CP013020.1
1037	1038	-0.0	CP013020.1
1038	1039	-0.0	CP013020.1
1039	1040	-0.0	CP013020.1
1040	1041	-0.0	CP013020.1
1041	1042	-0.0	CP013020.1
1042	1043	-0.0	CP013020.1
1043	1044	-0.0	CP013020.1
1044	1045	-0.0	CP013020.1
1045	1046	-0.0	CP013020.1
1046	1047	-0.0	CP013020.1
1047	1048	-0.0	CP013020.1
1048	1049	-0.0	CP013020.1
1049	1050	-0.0	CP013020.1
1050	1051	-0.0	CP013020.1
1051	1052	-0.0	CP013020.1
1052	1053	-0.0	CP013020.1
1053	1054	-0.0	CP013020.1
1054	1055	-0.0	CP013020.1
1055	1056	-0.0	CP013020.1
1056	1057	-0.0	CP013020.1
1057	1058	-0.0	CP013020.1
1058	1059	-0.0	CP013020.1
1059	1060	-0.0	CP013020.1
1060	1061	-0.0	CP013020.1
1061	1062	-0.0	CP013020.1
1062	1063	-0.0	CP013020.1
1063	1064	-0.0	CP013020.1
1064	1065	-0.0	CP013020.1
1065	1066	-0.0	CP013020.1
1066	1067	-0.0	CP013020.1
1067	1068	-0.0	CP013020.1
1068	1069	-0.0	CP013020.1
1069	1070	-0.0	CP013020.1
1070	1071	-0.0	CP013020.1
1071	1072	-0.0	CP013020.1
1072	1073	-0.0	CP013020.1
1073	1074	-0.0	CP013020.1
1074	1075	-0.0	CP013020.1
1075	1076	-0.0	CP013020.1
1076	1077	-0.0	CP013020.1
1077	1078	-0.0	CP013020.1
1078	1079	-0.0	CP013020.1
1079	1080	-0.0	CP013020.1
1080	1081	-0.0	CP013020.1
1081	1082	-0.0	CP013020.1
1082	1083	-0.0	CP013020.1
1083	1084	-0.0	CP013020.1
1084	1085	-0.0	CP013020.1
1085	1086	-0.0	CP013020.1
1086	1087	-0.0	CP013020.1
1087	1088	-0.0	CP013020.1
1088	1089	-0.0	CP013020.1
1089	1090	-0.0	CP013020.1
1090	1091	-0.0	CP013020.1
1091	1092	-0.0	CP013020.1
1092	1093	-0.0	CP013020.1
1093	1094	-0.0	CP013020.1
1094	1095	-0.0	CP013020.1
1095	1096	-0.0	CP013020.1
1096	1097	-0.0	CP013020.1
1097	1098	-0.0	CP013020.1
1098	1099	-0.0	CP013020.1
1099	1100	-0.0	CP013020.1
1100	1101	-0.0	CP013020.1
1101	1102	-0.0	CP013020.1
1102	1103	-0.0	CP013020.1
1103	1104	-0.0	CP013020.1
1104	1105	-0.0	CP013020.1
1105	1106	-0.0	CP013020.1
1106	1107	-0.0	CP013020.1
1107	1108	-0.0	CP013020.1
1108	1109	-0.0	CP013020.1
1109	1110	-0.0	CP013020.1
1110	1111	-0.0	CP013020.1
1111	1112	-0.0	CP013020.1
1112	1113	-0.0	CP013020.1
1113	1114	-0.0	CP013020.1
1114	1115	-0.0	CP013020.1
1115	1116	-0.0	CP013020.1
1116	1117	-0.0	CP013020.1
1117	1118	-0.0	CP013020.1
1118	1119	-0.0	CP013020.1
1119	1120	-0.0	CP013020.1
1120	1121	-0.0	CP013020.1
1121	1122	-0.0	CP013020.1
1122	1123	-0.0	CP013020.1
1123	1124	-0.0	CP013020.1
1124	1125	-0.0	CP013020.1
1125	1126	-0.0	CP013020.1
1126	1127	-0.0	CP013020.1
1127	1128	-0.0	CP013020.1
1128	1129	-0.0	CP013020.1
1129	1130	-0.0	CP013020.1
1130	1131	-0.0	CP013020.1
1131	1132	-0.0	CP013020.1
1132	1133	-0.0	CP013020.1
1133	1134	-0.0	CP013020.1
1134	1135	-0.0	CP013020.1
1135	1136	-87.5	CP013020.1
1136	1137	-0.0	CP013020.1
1137	1138	-0.0	CP013020.1
1138	1139	-0.0	CP013020.1
1139	1140	-0.0	CP013020.1
1140	1141	-0.0	CP013020.1
1141	1142	-0.0	CP013020.1
1142	1143	-0.0	CP013020.1
1143	1144	-0.0	CP013020.1
1144	1145	-0.0	CP013020.1
1145	1146	-0.0	CP013020.1
1146	1147	-0.0	CP013020.1
1147	1148	-0.0	CP013020.1
1148	1149	-0.0	CP013020.1
1149	1150	-0.0	CP013020.1
1150	1151	-0.0	CP013020.1
1151	1152	-0.0	CP013020.1
1152	1153	-0.0	CP013020.1
1153	1154	-0.0	CP013020.1
1154	1155	-0.0	CP013020.1
1155	1156	-0.0	CP013020.1
1156	1157	-0.0	CP013020.1
1157	1158	-0.0	CP013020.1
1158	1159	-0.0	CP013020.1
1159	1160	-0.0	CP013020.1
1160	1161	-0.0	CP013020.1
1161	1162	-0.0	CP013020.1
1162	1163	-0.0	CP013020.1
1163	1164	-0.0	CP013020.1
1164	1165	-0.0	CP013020.1
1165	1166	-0.0	CP013020.1
1166	1167	-0.0	CP013020.1
1167	1168	-0.0	CP013020.1
1168	1169	-0.0	CP013020.1
1169	1170	-0.0	CP013020.1
1170	1171	-0.0	CP013020.1
1171	1172	-0.0	CP013020.1
1172	1173	-0.0	CP013020.1
1173	1174	-0.0	CP013020.1
1174	1175	-0.0	CP013020.1
1175	1176	-0.0	CP013020.1
1176	1177	-0.0	CP013020.1
1177	1178	-0.0	CP013020.1
1178	1179	-0.0	CP013020.1
1179	1180	-0.0	CP013020.1
1180	1181	-0.0	CP013020.1
1181	1182	-0.0	CP013020.1
1182	1183	-0.0	CP013020.1
1183	1184	-0.0	CP013020.1
1184	1185	-0.0	CP013020.1
1185	1186	-0.0	CP013020.1
1186	1187	-0.0	CP013020.1
1187	1188	-0.0	CP013020.1
1188	1189	-0.0	CP013020.1
1189	1190	-0.0	CP013020.1
1190	1191	-0.0	CP013020.1
1191	1192	-0.0	CP013020.1
1192	1193	-0.0	CP013020.1
1193	1194	-0.0	CP013020.1
1194	1195	-0.0	CP013020.1
1195	1196	-0.0	CP013020.1
1196	1197	-0.0	CP013020.1
1197	1198	-0.0	CP013020.1
1198	1199	-0.0	CP013020.1
1199	1200	-0.0	CP013020.1
1200	1201	-0.0	CP013020.1
1201	1202	-0.0	CP013020.1
1202	1203	-0.0	CP013020.1
1203	1204	-0.0	CP013020.1
1204	1205	-0.0	CP013020.1
1205	1206	-0.0	CP013020.1
1206	1207	-0.0	CP013020.1
1207	1208	-0.0	CP013020.1
1208	1209	-0.0	CP013020.1
1209	1210	-0.0	CP013020.1
1210	1211	-0.0	CP013020.1
1211	1212	-0.0	CP013020.1
1212	1213	-0.0	CP013020.1
1213	1214	-0.0	CP013020.1
1214	1215	-0.0	CP013020.1
1215	1216	-0.0	CP013020.1
1216	1217	-0.0	CP013020.1
1217	1218	-0.0	CP013020.1
1218	1219	-0.0	CP013020.1
1219	1220	-0.0	CP013020.1
1220	1221	-0.0	CP013020.1
1221	1222	-0.0	CP013020.1
1222	1223	-0.0	CP013020.1
1223	1224	-0.0	CP013020.1
1224	1225	-0.0	CP013020.1
1225	1226	-0.0	CP013020.1
1226	1227	-0.0	CP013020.1
1227	1228	-0.0	CP013020.1
1228	1229	-0.0	CP013020.1
1229	1230	-0.0	CP013020.1
1230	1231	-0.0	CP013020.1
1231	1232	-0.0	CP013020.1
1232	1233	-0.0	CP013020.1
1233	1234	-0.0	CP013020.1
1234	1235	-0.0	CP013020.1
1235	1236	-0.0	CP013020.1
1236	1237	-0.0	CP013020.1
1237	1238	-0.0	CP013020.1
1238	1239	-0.0	CP013020.1
1239	1240	-0.0	CP013020.1
1240	1241	-0.0	CP013020.1
1241	1242	-0.0	CP013020.1
1242	1243	-0.0	CP013020.1
1243	1244	-0.0	CP013020.1
1244	1245	-0.0	CP013020.1
1245	1246	-0.0	CP013020.1
1246	1247	-0.0	CP013020.1
1247	1248	-0.0	CP013020.1
1248	1249	-0.0	CP013020.1
1249	1250	-0.0	CP013020.1
1250	1251	-0.0	CP013020.1
1251	1252	-0.0	CP013020.1
1252	1253	-0.0	CP013020.1
1253	1254	-0.0	CP013020.1
1254	1255	-0.0	CP013020.1
1255	1256	-0.0	CP013020.1
1256	1257	-0.0	CP013020.1
1257	1258	-0.0	CP013020.1
1258	1259	-0.0	CP013020.1
1259	1260	-0.0	CP013020.1
1260	1261	-0.0	CP013020.1
1261	1262	-0.0	CP013020.1
1262	1263	-0.0	CP013020.1
1263	1264	-0.0	CP013020.1
1264	1265	-0.0	CP013020.1
1265	1266	-0.0	CP013020.1
1266	1267	-0.0	CP013020.1
1267	1268	-0.0	CP013020.1
1268	1269	-0.0	CP013020.1
1269	1270	-0.0	CP013020.1
1270	1271	-0.0	CP013020.1
1271	1272	-0.0	CP013020.1
1272	1273	-0.0	CP013020.1
1273	1274	-0.0	CP013020.1
1274	1275	-0.0	CP013020.1
1275	1276	-0.0	CP013020.1
1276	1277	-0.0	CP013020.1
1277	1278	-0.0	CP013020.1
1278	1279	-0.0	CP013020.1
1279	1280	-0.0	CP013020.1
1280	1281	-0.0	CP013020.1
1281	1282	-0.0	CP013020.1
1282	1283	-0.0	CP013020.1
1283	1284	-87.5	CP013020.1
1284	1285	-0.0	CP013020.1
1285	1286	-0.0	CP013020.1
1286	1287	-0.0	CP013020.1
1287	1288	-0.0	CP013020.1
1288	1289	-0.0	CP013020.1
1289	1290	-0.0	CP013020.1
1290	1291	-0.0	CP013020.1
1291	1292	-0.0	CP013020.1
1292	1293	-0.0	CP013020.1
1293	1294	-0.0	CP013020.1
1294	1295	-0.0	CP013020.1
1295	1296	-0.0	CP013020.1
1296	1297	-0.0	CP013020.1
1297	1298	-0.0	CP013020.1
1298	1299	-0.0	CP013020.1
1299	1300	-0.0	CP013020.1
1300	1301	-0.0	CP013020.1
1301	1302	-0.0	CP013020.1
1302	1303	-0.0	CP013020.1
1303	1304	-0.0	CP013020.1
1304	1305	-0.0	CP013020.1
1305	1306	-0.0	CP013020.1
1306	1307	-0.0	CP013020.1
1307	1308	-0.0	CP013020.1
1308	1309	-0.0	CP013020.1
1309	1310	-0.0	CP013020.1
1310	1311	-0.0	CP013020.1
1311	1312	-0.0	CP013020.1
1312	1313	-0.0	CP013020.1
1313	1314	-0.0	CP013020.1
1314	1315	-0.0	CP013020.1
1315	1316	-0.0	CP013020.1
1316	1317	-0.0	CP013020.1
1317	1318	-0.0	CP013020.1
1318	1319	-0.0	CP013020.1
1319	1320	-0.0	CP013020.1
1320	1321	-0.0	CP013020.1
1321	1322	-0.0	CP013020.1
1322	1323	-0.0	CP013020.1
1323	1324	-0.0	CP013020.1
1324	1325	-0.0	CP013020.1
1325	1326	-0.0	CP013020.1
1326	1327	-0.0	CP013020.1
1327	1328	-0.0	CP013020.1
1328	1329	-0.0	CP013020.1
1329	1330	-0.0	CP013020.1
1330	1331	-0.0	CP013020.1
1331	1332	-0.0	CP013020.1
1332	1333	-0.0	CP013020.1
1333	1334	-0.0	CP013020.1
1334	1335	-0.0	CP013020.1
1335	1336	-0.0	CP013020.1
1336	1337	-0.0	CP013020.1
1337	1338	-0.0	CP013020.1
1338	1339	-0.0	CP013020.1
1339	1340	-0.0	CP013020.1
1340	1341	-0.0	CP013020.1
1341	1342	-0.0	CP013020.1
1342	1343	-0.0	CP013020.1
1343	1344	-0.0	CP013020.1
1344	1345	-0.0	CP013020.1
1345	1346	-0.0	CP013020.1
1346	1347	-0.0	CP013020.1
1347	1348	-0.0	CP013020.1
1348	1349	-0.0	CP013020.1
1349	1350	-0.0	CP013020.1
1350	1351	-0.0	CP013020.1
1351	1352	-0.0	CP013020.1
1352	1353	-0.0	CP013020.1
1353	1354	-0.0	CP013020.1
1354	1355	-0.0	CP013020.1
1355	1356	-0.0	CP013020.1
1356	1357	-0.0	CP013020.1
1357	1358	-0.0	CP013020.1
1358	1359	-0.0	CP013020.1
1359	1360	-0.0	CP013020.1
1360	1361	-0.0	CP013020.1
1361	1362	-0.0	CP013020.1
1362	1363	-0.0	CP013020.1
1363	1364	-0.0	CP013020.1
1364	1365	-0.0	CP013020.1
1365	1366	-0.0	CP013020.1
1366	1367	-0.0	CP013020.1
1367	1368	-0.0	CP013020.1
1368	1369	-0.0	CP013020.1
1369	1370	-0.0	CP013020.1
1370	1371	-0.0	CP013020.1
1371	1372	-0.0	CP013020.1
1372	1373	-0.0	CP013020.1
1373	1374	-0.0	CP013020.1
1374	1375	-0.0	CP013020.1
1375	1376	-0.0	CP013020.1
1376	1377	-0.0	CP013020.1
1377	1378	-0.0	CP013020.1
1378	1379	-0.0	CP013020.1
1379	1380	-0.0	CP013020.1
1380	1381	-0.0	CP013020.1
1381	1382	-0.0	CP013020.1
1382	1383	-0.0	CP013020.1
1383	1384	-0.0	CP013020.1
1384	1385	-0.0	CP013020.1
1385	1386	-0.0	CP013020.1
1386	1387	-0.0	CP013020.1
1387	1388	-0.0	CP013020.1
1388	1389	-0.0	CP013020.1
1389	1390	-0.0	CP013020.1
1390	1391	-0.0	CP013020.1
1391	1392	-0.0	CP013020.1
1392	1393	-0.0	CP013020.1
1393	1394	-0.0	CP013020.1
1394	1395	-0.0	CP013020.1
1395	1396	-0.0	CP013020.1
1396	1397	-0.0	CP013020.1
1397	1398	-0.0	CP013020.1
1398	1399	-0.0	CP013020.1
1399	1400	-0.0	CP013020.1
1400	1401	-0.0	CP013020.1
1401	1402	-0.0	CP013020.1
1402	1403	-0.0	CP013020.1
1403	1404	-0.0	CP013020.1
1404	1405	-0.0	CP013020.1
1405	1406	-0.0	CP013020.1
1406	1407	-0.0	CP013020.1
1407	1408	-0.0	CP013020.1
1408	1409	-0.0	CP013020.1
1409	1410	-0.0	CP013020.1
1410	1411	-0.0	CP013020.1
1411	1412	-0.0	CP013020.1
1412	1413	-0.0	CP013020.1
1413	1414	-0.0	CP013020.1
1414	1415	-0.0	CP013020.1
1415	1416	-0.0	CP013020.1
1416	1417	-0.0	CP013020.1
1417	1418	-0.0	CP013020.1
1418	1419	-0.0	CP013020.1
1419	1420	-0.0	CP013020.1
1420	1421	-0.0	CP013020.1
1421	1422	-0.0	CP013020.1
1422	1423	-0.0	CP013020.1
1423	1424	-0.0	CP013020.1
1424	1425	-0.0	CP013020.1
1425	1426	-0.0	CP013020.1
1426	1427	-0.0	CP013020.1
1427	1428	-0.0	CP013020.1
1428	1429	-0.0	CP013020.1
1429	1430	-0.0	CP013020.1
1430	1431	-0.0	CP013020.1
1431	1432	-0.0	CP013020.1
1432	1433	-0.0	CP013020.1
1433	1434	-0.0	CP013020.1
1434	1435	-0.0	CP013020.1
1435	1436	-0.0	CP013020.1
1436	1437	-0.0	CP013020.1
1437	1438	-0.0	CP013020.1
1438	1439	-0.0	CP013020.1
1439	1440	-0.0	CP013020.1
1440	1441	-0.0	CP013020.1
1441	1442	-0.0	CP013020.1
1442	1443	-0.0	CP013020.1
1443	1444	-0.0	CP013020.1
1444	1445	-0.0	CP013020.1
1445	1446	-0.0	CP013020.1
1446	1447	-0.0	CP013020.1
1447	1448	-0.0	CP013020.1
1448	1449	-0.0	CP013020.1
1449	1450	-0.0	CP013020.1
1450	1451	-0.0	CP013020.1
1451	1452	-0.0	CP013020.1
1452	1453	-0.0	CP013020.1
1453	1454	-0.0	CP013020.1
1454	1455	-0.0	CP013020.1
1455	1456	-0.0	CP013020.1
1456	1457	-0.0	CP013020.1
1457	1458	-0.0	CP013020.1
1458	1459	-0.0	CP013020.1
1459	1460	-0.0	CP013020.1
1460	1461	-0.0	CP013020.1
1461	1462	-0.0	CP013020.1
1462	1463	-0.0	CP013020.1
1463	1464	-0.0	CP013020.1
1464	1465	-0.0	CP013020.1
1465	1466	-0.0	CP013020.1
1466	1467	-0.0	CP013020.1
1467	1468	-0.0	CP013020.1
1468	1469	-0.0	CP013020.1
1469	1470	-0.0	CP013020.1
1470	1471	-0.0	CP013020.1
1471	1472	-0.0	CP013020.1
1472	1473	-0.0	CP013020.1
1473	1474	-0.0	CP013020.1
1474	1475	-0.0	CP013020.1
1475	1476	-0.0	CP013020.1
1476	1477	-0.0	CP013020.1
1477	1478	-0.0	CP013020.1
1478	1479	-0.0	CP013020.1
1479	1480	-0.0	CP013020.1
1480	1481	-0.0	CP013020.1
1481	1482	-0.0	CP013020.1
1482	1483	-0.0	CP013020.1
1483	1484	-0.0	CP013020.1
1484	1485	-0.0	CP013020.1
1485	1486	-0.0	CP013020.1
1486	1487	-0.0	CP013020.1
1487	1488	-0.0	CP013020.1
1488	1489	-0.0	CP013020.1
1489	1490	-0.0	CP013020.1
1490	1491	-0.0	CP013020.1
1491	1492	-0.0	CP013020.1
1492	1493	-0.0	CP013020.1
1493	1494	-0.0	CP013020.1
1494	1495	-0.0	CP013020.1
1495	1496	-0.0	CP013020.1
1496	1497	-0.0	CP013020.1
1497	1498	-0.0	CP013020.1
1498	1499	-0.0	CP013020.1
1499	1500	-0.0	CP013020.1
1500	1501	-0.0	CP013020.1
1501	1502	-0.0	CP013020.1
1502	1503	-0.0	CP013020.1
1503	1504	-0.0	CP013020.1
1504	1505	-0.0	CP013020.1
1505	1506	-0.0	CP013020.1
1506	1507	-0.0	CP013020.1
1507	1508	-0.0	CP013020.1
1508	1509	-0.0	CP013020.1
1509	1510	-0.0	CP013020.1
1510	1511	-0.0	CP013020.1
1511	1512	-0.0	CP013020.1
1512	1513	-0.0	CP013020.1
1513	1514	-0.0	CP013020.1
1514	1515	-0.0	CP013020.1
1515	1516	-0.0	CP013020.1
1516	1517	-0.0	CP013020.1
1517	1518	-0.0	CP013020.1
1518	1519	-0.0	CP013020.1
1519	1520	-0.0	CP013020.1
1520	1521	-0.0	CP013020.1
1521	1522	-0.0	CP013020.1
1522	1523	-0.0	CP013020.1
1523	1524	-0.0	CP013020.1
1524	1525	-0.0	CP013020.1
1525	1526	-0.0	CP013020.1
1526	1527	-0.0	CP013020.1
1527	1528	-0.0	CP013020.1
1528	1529	-0.0	CP013020.1
1529	1530	-0.0	CP013020.1
1530	1531	-0.0	CP013020.1
1531	1532	-0.0	CP013020.1
1532	1533	-0.0	CP013020.1
1533	1534	-0.0	CP013020.1
1534	1535	-0.0	CP013020.1
1535	1536	-0.0	CP013020.1
1536	1537	-0.0	CP013020.1
1537	1538	-0.0	CP013020.1
1538	1539	-0.0	CP013020.1
1539	1540	-0.0	CP013020.1
1540	1541	-0.0	CP013020.1
1541	1542	-0.0	CP013020.1
1542	1543	-0.0	CP013020.1
1543	1544	-0.0	CP013020.1
1544	1545	-0.0	CP013020.1
1545	1546	-0.0	CP013020.1
1546	1547	-0.0	CP013020.1
1547	1548	-0.0	CP013020.1
1548	1549	-0.0	CP013020.1
1549	1550	-0.0	CP013020.1
1550	1551	-0.0	CP013020.1
1551	1552	-0.0	CP013020.1
1552	1553	-0.0	CP013020.1
1553	1554	-0.0	CP013020.1
1554	1555	-0.0	CP013020.1
1555	1556	-0.0	CP013020.1
1556	1557	-0.0	CP013020.1
1557	1558	-0.0	CP013020.1
1558	1559	-0.0	CP013020.1
1559	1560	-0.0	CP013020.1
1560	1561	-0.0	CP013020.1
1561	1562	-0.0	CP013020.1
1562	1563	-0.0	CP013020.1
1563	1564	-0.0	CP013020.1
1564	1565	-0.0	CP013020.1
1565	1566	-0.0	CP013020.1
1566	1567	-0.0	CP013020.1
1567	1568	-0.0	CP013020.1
1568	1569	-0.0	CP013020.1
1569	1570	-0.0	CP013020.1
1570	1571	-0.0	CP013020.1
1571	1572	-0.0	CP013020.1
