	Position	Substitutions	Panel
0	0	0.0	upper
1	1	0.0	upper
2	2	0.0	upper
3	3	0.0	upper
4	4	0.0	upper
5	5	0.0	upper
6	6	0.0	upper
7	7	0.0	upper
8	8	0.0	upper
9	9	0.0	upper
10	10	0.0	upper
11	11	0.0	upper
12	12	0.0	upper
13	13	0.0	upper
14	14	0.0	upper
15	15	0.0	upper
16	16	0.0	upper
17	17	0.0	upper
18	18	0.00237575946409	upper
19	19	0.0	upper
20	20	0.0	upper
21	21	0.0	upper
22	22	0.0	upper
23	23	0.0	upper
24	24	0.0	upper
25	25	0.0	upper
26	26	0.0	upper
27	27	0.0	upper
28	28	0.0	upper
29	29	0.0	upper
30	30	0.0	upper
31	31	0.0	upper
32	32	0.0	upper
33	33	0.0	upper
34	34	0.0	upper
35	35	0.0	upper
36	36	0.0	upper
37	37	3.89468764605e-05	upper
38	38	7.7893752921e-05	upper
39	39	3.89468764605e-05	upper
40	40	0.000116840629382	upper
41	41	0.000155787505842	upper
42	42	0.000155787505842	upper
43	43	0.000233681258763	upper
44	44	3.89468764605e-05	upper
45	45	0.000506309393987	upper
46	46	0.000155787505842	upper
47	47	0.000467362517526	upper
48	48	0.000350521888145	upper
49	49	0.000194734382303	upper
50	50	0.000389468764605	upper
51	51	0.000817884405671	upper
52	52	0.000545256270447	upper
53	53	0.0	upper
54	54	0.000389468764605	upper
55	55	0.000116840629382	upper
56	56	0.000116840629382	upper
57	57	7.7893752921e-05	upper
58	58	0.000545256270447	upper
59	59	0.000350521888145	upper
60	60	7.7893752921e-05	upper
61	61	0.000194734382303	upper
62	62	3.89468764605e-05	upper
63	63	0.000116840629382	upper
64	64	0.000350521888145	upper
65	65	0.000701043776289	upper
66	66	0.000194734382303	upper
67	67	0.000155787505842	upper
68	68	0.000155787505842	upper
69	69	0.000155787505842	upper
70	70	0.000233681258763	upper
71	71	0.000467362517526	upper
72	72	0.000194734382303	upper
73	73	0.000545256270447	upper
74	74	7.7893752921e-05	upper
75	75	0.000662096899829	upper
76	76	0.000623150023368	upper
77	77	0.00369995326375	upper
78	78	0.607532325907	upper
79	79	0.487848574544	upper
80	80	0.00077893752921	upper
81	81	0.000155787505842	upper
82	82	0.000155787505842	upper
83	83	0.0	upper
84	84	0.000233681258763	upper
85	85	0.000194734382303	upper
86	86	0.000389468764605	upper
87	87	0.000428415641066	upper
88	88	0.513241937997	upper
89	89	0.578828477956	upper
90	90	0.00350521888145	upper
91	91	0.000428415641066	upper
92	92	0.446214363608	upper
93	93	0.000194734382303	upper
94	94	0.000194734382303	upper
95	95	0.000155787505842	upper
96	96	0.000116840629382	upper
97	97	0.000389468764605	upper
98	98	0.000116840629382	upper
99	99	0.000350521888145	upper
100	100	0.00077893752921	upper
101	101	0.000116840629382	upper
102	102	0.000272628135224	upper
103	103	0.000116840629382	upper
104	104	0.000116840629382	upper
105	105	0.000350521888145	upper
106	106	0.000155787505842	upper
107	107	0.000194734382303	upper
108	108	0.000584203146908	upper
109	109	0.000194734382303	upper
110	110	0.000389468764605	upper
111	111	0.000194734382303	upper
112	112	0.000467362517526	upper
113	113	0.000662096899829	upper
114	114	0.000116840629382	upper
115	115	0.000817884405671	upper
116	116	7.7893752921e-05	upper
117	117	0.000194734382303	upper
118	118	0.000155787505842	upper
119	119	0.000272628135224	upper
120	120	0.000116840629382	upper
121	121	0.000116840629382	upper
122	122	0.000155787505842	upper
123	123	0.000194734382303	upper
124	124	0.000233681258763	upper
125	125	0.000272628135224	upper
126	126	0.000194734382303	upper
127	127	0.000584203146908	upper
128	128	0.000856831282131	upper
129	129	0.000194734382303	upper
130	130	0.115438541829	upper
131	131	0.000233681258763	upper
132	132	7.7893752921e-05	upper
133	133	7.7893752921e-05	upper
134	134	0.000311575011684	upper
135	135	7.7893752921e-05	upper
136	136	0.000116840629382	upper
137	137	7.7893752921e-05	upper
138	138	0.000233681258763	upper
139	139	3.89468764605e-05	upper
140	140	7.7893752921e-05	upper
141	141	0.000116840629382	upper
142	142	0.000817884405671	upper
143	143	0.000623150023368	upper
144	144	0.000233681258763	upper
145	145	0.000194734382303	upper
146	146	0.000350521888145	upper
147	147	0.000545256270447	upper
148	148	0.000545256270447	upper
149	149	0.000155787505842	upper
150	150	0.000116840629382	upper
151	151	0.000194734382303	upper
152	152	0.000350521888145	upper
153	153	0.000194734382303	upper
154	154	0.000116840629382	upper
155	155	0.000311575011684	upper
156	156	0.000155787505842	upper
157	157	0.000233681258763	upper
158	158	0.000350521888145	upper
159	159	0.000311575011684	upper
160	160	0.000272628135224	upper
161	161	0.000623150023368	upper
162	162	0.000506309393987	upper
163	163	0.000506309393987	upper
164	164	0.000272628135224	upper
165	165	0.000155787505842	upper
166	166	0.000155787505842	upper
167	167	0.000116840629382	upper
168	168	0.000194734382303	upper
169	169	7.7893752921e-05	upper
170	170	3.89468764605e-05	upper
171	171	0.000194734382303	upper
172	172	7.7893752921e-05	upper
173	173	0.000428415641066	upper
174	174	0.000272628135224	upper
175	175	0.000233681258763	upper
176	176	0.000272628135224	upper
177	177	0.000194734382303	upper
178	178	3.89468764605e-05	upper
179	179	0.000116840629382	upper
180	180	3.89468764605e-05	upper
181	181	0.000584203146908	upper
182	182	0.118671132575	upper
183	183	0.000155787505842	upper
184	184	7.7893752921e-05	upper
185	185	0.000194734382303	upper
186	186	0.000155787505842	upper
187	187	0.000155787505842	upper
188	188	0.000701043776289	upper
189	189	0.000467362517526	upper
190	190	0.000155787505842	upper
191	191	0.00116840629382	upper
192	192	0.000311575011684	upper
193	193	0.000272628135224	upper
194	194	0.000506309393987	upper
195	195	0.000194734382303	upper
196	196	0.000506309393987	upper
197	197	3.89468764605e-05	upper
198	198	0.000467362517526	upper
199	199	0.000584203146908	upper
200	200	0.000233681258763	upper
201	201	0.000194734382303	upper
202	202	0.000817884405671	upper
203	203	0.142311886587	upper
204	204	0.00124630004674	upper
205	205	0.00194734382303	upper
206	206	0.00155787505842	upper
207	207	0.794321545412	upper
208	208	0.000155787505842	upper
209	209	0.00140208755258	upper
210	210	0.0014799813055	upper
211	211	0.000272628135224	upper
212	212	0.000545256270447	upper
213	213	0.000272628135224	upper
214	214	0.000194734382303	upper
215	215	0.000233681258763	upper
216	216	0.000116840629382	upper
217	217	0.000116840629382	upper
218	218	0.000233681258763	upper
219	219	3.89468764605e-05	upper
220	220	0.000194734382303	upper
221	221	7.7893752921e-05	upper
222	222	0.000506309393987	upper
223	223	0.000233681258763	upper
224	224	0.000116840629382	upper
225	225	0.155670665213	upper
226	226	0.000506309393987	upper
227	227	0.000233681258763	upper
228	228	0.000155787505842	upper
229	229	0.000350521888145	upper
230	230	0.000233681258763	upper
231	231	0.000194734382303	upper
232	232	0.000428415641066	upper
233	233	0.000389468764605	upper
234	234	0.000272628135224	upper
235	235	0.000155787505842	upper
236	236	0.000155787505842	upper
237	237	0.000194734382303	upper
238	238	0.000194734382303	upper
239	239	0.000311575011684	upper
240	240	0.000116840629382	upper
241	241	0.000389468764605	upper
242	242	0.000350521888145	upper
243	243	0.000272628135224	upper
244	244	0.000155787505842	upper
245	245	0.000272628135224	upper
246	246	0.000155787505842	upper
247	247	0.000233681258763	upper
248	248	0.000389468764605	upper
249	249	0.704782676429	upper
250	250	0.00116840629382	upper
251	251	0.00159682193488	upper
252	252	0.696603832373	upper
253	253	0.00432310328712	upper
254	254	0.000506309393987	upper
255	255	0.00163576881134	upper
256	256	0.00105156566443	upper
257	257	0.000545256270447	upper
258	258	0.000506309393987	upper
259	259	0.00077893752921	upper
260	260	0.000662096899829	upper
261	261	0.000311575011684	upper
262	262	0.000311575011684	upper
263	263	0.00073999065275	upper
264	264	0.000233681258763	upper
265	265	0.000233681258763	upper
266	266	0.000155787505842	upper
267	267	0.000350521888145	upper
268	268	0.000311575011684	upper
269	269	0.000662096899829	upper
270	270	0.000233681258763	upper
271	271	0.000973671911513	upper
272	272	0.719115126967	upper
273	273	0.00124630004674	upper
274	274	0.000272628135224	upper
275	275	0.000233681258763	upper
276	276	0.000194734382303	upper
277	277	0.000194734382303	upper
278	278	0.000389468764605	upper
279	279	0.000116840629382	upper
280	280	3.89468764605e-05	upper
281	281	3.89468764605e-05	upper
282	282	0.000194734382303	upper
283	283	0.000467362517526	upper
284	284	0.000311575011684	upper
285	285	0.0012852469232	upper
286	286	0.000155787505842	upper
287	287	7.7893752921e-05	upper
288	288	0.000155787505842	upper
289	289	0.000194734382303	upper
290	290	0.000701043776289	upper
291	291	0.000272628135224	upper
292	292	0.000428415641066	upper
293	293	0.000428415641066	upper
294	294	0.000155787505842	upper
295	295	0.000116840629382	upper
296	296	7.7893752921e-05	upper
297	297	0.000155787505842	upper
298	298	0.000233681258763	upper
299	299	0.00073999065275	upper
300	300	7.7893752921e-05	upper
301	301	0.000272628135224	upper
302	302	0.000584203146908	upper
303	303	0.000428415641066	upper
304	304	7.7893752921e-05	upper
305	305	0.00116840629382	upper
306	306	0.00179155631718	upper
307	307	0.000467362517526	upper
308	308	0.00109051254089	upper
309	309	0.000272628135224	upper
310	310	0.000116840629382	upper
311	311	7.7893752921e-05	upper
312	312	0.000701043776289	upper
313	313	0.000272628135224	upper
314	314	0.000194734382303	upper
315	315	0.000389468764605	upper
316	316	0.000194734382303	upper
317	317	0.000116840629382	upper
318	318	0.000155787505842	upper
319	319	0.00175260944072	upper
320	320	0.000233681258763	upper
321	321	0.000194734382303	upper
322	322	0.000116840629382	upper
323	323	3.89468764605e-05	upper
324	324	0.000233681258763	upper
325	325	0.000194734382303	upper
326	326	0.000662096899829	upper
327	327	0.000272628135224	upper
328	328	0.000545256270447	upper
329	329	0.000194734382303	upper
330	330	0.000428415641066	upper
331	331	0.000350521888145	upper
332	332	0.00327153762268	upper
333	333	7.7893752921e-05	upper
334	334	0.000155787505842	upper
335	335	0.000662096899829	upper
336	336	0.000506309393987	upper
337	337	0.000467362517526	upper
338	338	3.89468764605e-05	upper
339	339	0.000194734382303	upper
340	340	0.000155787505842	upper
341	341	7.7893752921e-05	upper
342	342	0.000116840629382	upper
343	343	0.000155787505842	upper
344	344	0.000155787505842	upper
345	345	0.000389468764605	upper
346	346	0.000116840629382	upper
347	347	0.000311575011684	upper
348	348	0.000701043776289	upper
349	349	0.000116840629382	upper
350	350	0.000311575011684	upper
351	351	0.000194734382303	upper
352	352	0.000701043776289	upper
353	353	0.000194734382303	upper
354	354	0.000272628135224	upper
355	355	7.7893752921e-05	upper
356	356	0.000467362517526	upper
357	357	0.000584203146908	upper
358	358	0.000662096899829	upper
359	359	0.000233681258763	upper
360	360	0.000272628135224	upper
361	361	0.000233681258763	upper
362	362	0.000272628135224	upper
363	363	0.000194734382303	upper
364	364	0.000194734382303	upper
365	365	0.000350521888145	upper
366	366	0.000116840629382	upper
367	367	0.000272628135224	upper
368	368	0.000350521888145	upper
369	369	0.0014799813055	upper
370	370	0.000817884405671	upper
371	371	0.000116840629382	upper
372	372	0.000233681258763	upper
373	373	0.000233681258763	upper
374	374	0.000272628135224	upper
375	375	0.000155787505842	upper
376	376	3.89468764605e-05	upper
377	377	0.000428415641066	upper
378	378	0.000428415641066	upper
379	379	0.000155787505842	upper
380	380	0.00163576881134	upper
381	381	0.000194734382303	upper
382	382	0.000428415641066	upper
383	383	0.000428415641066	upper
384	384	0.000272628135224	upper
385	385	7.7893752921e-05	upper
386	386	0.000155787505842	upper
387	387	0.0	upper
388	388	0.000350521888145	upper
389	389	0.000155787505842	upper
390	390	0.00140208755258	upper
391	391	7.7893752921e-05	upper
392	392	0.000895778158592	upper
393	393	0.000194734382303	upper
394	394	0.000155787505842	upper
395	395	0.000467362517526	upper
396	396	0.000194734382303	upper
397	397	0.000506309393987	upper
398	398	0.000233681258763	upper
399	399	0.000467362517526	upper
400	400	0.000311575011684	upper
401	401	0.000545256270447	upper
402	402	0.000194734382303	upper
403	403	0.000233681258763	upper
404	404	0.000311575011684	upper
405	405	0.000272628135224	upper
406	406	0.000350521888145	upper
407	407	0.00194734382303	upper
408	408	0.000389468764605	upper
409	409	0.000155787505842	upper
410	410	0.000350521888145	upper
411	411	0.000545256270447	upper
412	412	0.000194734382303	upper
413	413	0.000389468764605	upper
414	414	0.000467362517526	upper
415	415	3.89468764605e-05	upper
416	416	0.000233681258763	upper
417	417	0.000272628135224	upper
418	418	0.000116840629382	upper
419	419	0.000116840629382	upper
420	420	3.89468764605e-05	upper
421	421	0.00179155631718	upper
422	422	0.00175260944072	upper
423	423	0.000155787505842	upper
424	424	0.000817884405671	upper
425	425	0.000155787505842	upper
426	426	0.000194734382303	upper
427	427	0.000155787505842	upper
428	428	0.000233681258763	upper
429	429	0.000233681258763	upper
430	430	3.89468764605e-05	upper
431	431	0.000194734382303	upper
432	432	0.000194734382303	upper
433	433	0.00171366256426	upper
434	434	0.000233681258763	upper
435	435	0.000350521888145	upper
436	436	0.000311575011684	upper
437	437	0.000116840629382	upper
438	438	7.7893752921e-05	upper
439	439	0.00163576881134	upper
440	440	0.000194734382303	upper
441	441	0.000155787505842	upper
442	442	0.00190839694656	upper
443	443	0.000194734382303	upper
444	444	0.000155787505842	upper
445	445	0.000311575011684	upper
446	446	0.000545256270447	upper
447	447	0.00073999065275	upper
448	448	0.000311575011684	upper
449	449	0.000233681258763	upper
450	450	0.000584203146908	upper
451	451	0.000973671911513	upper
452	452	0.000973671911513	upper
453	453	0.00077893752921	upper
454	454	0.000389468764605	upper
455	455	0.0012852469232	upper
456	456	0.00120735317028	upper
457	457	0.000311575011684	upper
458	458	0.000584203146908	upper
459	459	0.000584203146908	upper
460	460	0.00198629069949	upper
461	461	0.000272628135224	upper
462	462	0.000116840629382	upper
463	463	0.000155787505842	upper
464	464	0.000194734382303	upper
465	465	0.000272628135224	upper
466	466	0.000116840629382	upper
467	467	0.000155787505842	upper
468	468	0.000311575011684	upper
469	469	0.000350521888145	upper
470	470	0.00159682193488	upper
471	471	0.000545256270447	upper
472	472	0.00183050319364	upper
473	473	0.000389468764605	upper
474	474	0.000389468764605	upper
475	475	0.0016747156878	upper
476	476	3.89468764605e-05	upper
477	477	0.000389468764605	upper
478	478	0.000311575011684	upper
479	479	0.000194734382303	upper
480	480	0.0	upper
481	481	0.000389468764605	upper
482	482	3.89468764605e-05	upper
483	483	0.000116840629382	upper
484	484	0.000116840629382	upper
485	485	0.000116840629382	upper
486	486	0.000311575011684	upper
487	487	0.000194734382303	upper
488	488	0.000233681258763	upper
489	489	0.000272628135224	upper
490	490	0.0016747156878	upper
491	491	0.000272628135224	upper
492	492	0.000233681258763	upper
493	493	0.000350521888145	upper
494	494	0.000194734382303	upper
495	495	0.000311575011684	upper
496	496	0.0016747156878	upper
497	497	0.000506309393987	upper
498	498	0.000506309393987	upper
499	499	7.7893752921e-05	upper
500	500	0.000116840629382	upper
501	501	0.000428415641066	upper
502	502	0.000584203146908	upper
503	503	0.000467362517526	upper
504	504	0.000311575011684	upper
505	505	0.000350521888145	upper
506	506	0.000233681258763	upper
507	507	0.000311575011684	upper
508	508	3.89468764605e-05	upper
509	509	0.000116840629382	upper
510	510	0.000155787505842	upper
511	511	0.000311575011684	upper
512	512	0.00077893752921	upper
513	513	0.00249260009347	upper
514	514	0.000155787505842	upper
515	515	0.000350521888145	upper
516	516	0.000194734382303	upper
517	517	0.000428415641066	upper
518	518	0.000233681258763	upper
519	519	0.000545256270447	upper
520	520	0.000194734382303	upper
521	521	0.000194734382303	upper
522	522	0.000194734382303	upper
523	523	0.000272628135224	upper
524	524	0.000233681258763	upper
525	525	0.000389468764605	upper
526	526	0.000350521888145	upper
527	527	0.000350521888145	upper
528	528	0.000584203146908	upper
529	529	0.000311575011684	upper
530	530	0.000467362517526	upper
531	531	0.000584203146908	upper
532	532	0.0	upper
533	533	0.000233681258763	upper
534	534	0.000233681258763	upper
535	535	0.000233681258763	upper
536	536	0.00206418445241	upper
537	537	0.00073999065275	upper
538	538	0.00073999065275	upper
539	539	0.000389468764605	upper
540	540	0.000116840629382	upper
541	541	0.000584203146908	upper
542	542	0.000895778158592	upper
543	543	0.000350521888145	upper
544	544	0.000155787505842	upper
545	545	0.000311575011684	upper
546	546	0.000233681258763	upper
547	547	0.000116840629382	upper
548	548	3.89468764605e-05	upper
549	549	0.000155787505842	upper
550	550	0.000116840629382	upper
551	551	3.89468764605e-05	upper
552	552	0.000311575011684	upper
553	553	0.00077893752921	upper
554	554	0.000467362517526	upper
555	555	0.000194734382303	upper
556	556	0.000428415641066	upper
557	557	0.000389468764605	upper
558	558	0.000311575011684	upper
559	559	0.000311575011684	upper
560	560	0.000155787505842	upper
561	561	0.000194734382303	upper
562	562	0.000116840629382	upper
563	563	0.000350521888145	upper
564	564	0.000272628135224	upper
565	565	0.000233681258763	upper
566	566	0.000194734382303	upper
567	567	0.000584203146908	upper
568	568	0.000467362517526	upper
569	569	3.89468764605e-05	upper
570	570	0.000155787505842	upper
571	571	0.000311575011684	upper
572	572	7.7893752921e-05	upper
573	573	0.000350521888145	upper
574	574	0.000116840629382	upper
575	575	0.000506309393987	upper
576	576	7.7893752921e-05	upper
577	577	0.000311575011684	upper
578	578	0.00323259074622	upper
579	579	0.000233681258763	upper
580	580	7.7893752921e-05	upper
581	581	0.00245365321701	upper
582	582	0.000194734382303	upper
583	583	0.000116840629382	upper
584	584	0.000194734382303	upper
585	585	0.002959962611	upper
586	586	0.000662096899829	upper
587	587	0.000389468764605	upper
588	588	0.000545256270447	upper
589	589	0.000194734382303	upper
590	590	0.00288206885808	upper
591	591	0.00311575011684	upper
592	592	0.000467362517526	upper
593	593	0.000194734382303	upper
594	594	0.000272628135224	upper
595	595	0.000272628135224	upper
596	596	0.000155787505842	upper
597	597	3.89468764605e-05	upper
598	598	0.000194734382303	upper
599	599	0.000584203146908	upper
600	600	7.7893752921e-05	upper
601	601	0.000311575011684	upper
602	602	0.000272628135224	upper
603	603	7.7893752921e-05	upper
604	604	0.000389468764605	upper
605	605	0.000155787505842	upper
606	606	0.000467362517526	upper
607	607	0.000155787505842	upper
608	608	0.000311575011684	upper
609	609	0.00319364386976	upper
610	610	0.00101261878797	upper
611	611	0.000116840629382	upper
612	612	0.000350521888145	upper
613	613	0.00116840629382	upper
614	614	0.0012852469232	upper
615	615	0.000155787505842	upper
616	616	0.00101261878797	upper
617	617	0.000350521888145	upper
618	618	0.000311575011684	upper
619	619	0.00194734382303	upper
620	620	0.000233681258763	upper
621	621	0.000389468764605	upper
622	622	0.000194734382303	upper
623	623	0.000233681258763	upper
624	624	0.000389468764605	upper
625	625	0.000428415641066	upper
626	626	0.000389468764605	upper
627	627	0.000428415641066	upper
628	628	0.000389468764605	upper
629	629	0.000194734382303	upper
630	630	0.000701043776289	upper
631	631	0.000311575011684	upper
632	632	0.000116840629382	upper
633	633	0.000116840629382	upper
634	634	0.000272628135224	upper
635	635	0.000233681258763	upper
636	636	0.000428415641066	upper
637	637	0.000272628135224	upper
638	638	7.7893752921e-05	upper
639	639	0.000233681258763	upper
640	640	0.000467362517526	upper
641	641	0.000584203146908	upper
642	642	0.000272628135224	upper
643	643	0.000350521888145	upper
644	644	0.000272628135224	upper
645	645	0.000350521888145	upper
646	646	0.00198629069949	upper
647	647	0.0014799813055	upper
648	648	0.000545256270447	upper
649	649	0.00183050319364	upper
650	650	0.000194734382303	upper
651	651	0.000311575011684	upper
652	652	0.00237575946409	upper
653	653	0.0	upper
654	654	0.000311575011684	upper
655	655	7.7893752921e-05	upper
656	656	0.000272628135224	upper
657	657	0.00225891883471	upper
658	658	0.00155787505842	upper
659	659	0.00151892818196	upper
660	660	0.000467362517526	upper
661	661	0.000467362517526	upper
662	662	0.000194734382303	upper
663	663	0.000155787505842	upper
664	664	0.000350521888145	upper
665	665	0.000389468764605	upper
666	666	0.000389468764605	upper
667	667	0.000506309393987	upper
668	668	0.000389468764605	upper
669	669	0.00245365321701	upper
670	670	0.00175260944072	upper
671	671	0.000662096899829	upper
672	672	0.000584203146908	upper
673	673	0.000155787505842	upper
674	674	0.000233681258763	upper
675	675	0.000116840629382	upper
676	676	7.7893752921e-05	upper
677	677	0.000116840629382	upper
678	678	0.000155787505842	upper
679	679	0.000155787505842	upper
680	680	0.00109051254089	upper
681	681	0.00073999065275	upper
682	682	0.000506309393987	upper
683	683	0.000233681258763	upper
684	684	0.000389468764605	upper
685	685	0.000311575011684	upper
686	686	0.000311575011684	upper
687	687	7.7893752921e-05	upper
688	688	0.000155787505842	upper
689	689	0.000155787505842	upper
690	690	0.000155787505842	upper
691	691	0.000233681258763	upper
692	692	7.7893752921e-05	upper
693	693	0.000350521888145	upper
694	694	7.7893752921e-05	upper
695	695	0.000428415641066	upper
696	696	0.000272628135224	upper
697	697	0.000116840629382	upper
698	698	0.000194734382303	upper
699	699	0.000155787505842	upper
700	700	0.000350521888145	upper
701	701	3.89468764605e-05	upper
702	702	7.7893752921e-05	upper
703	703	0.0	upper
704	704	0.00109051254089	upper
705	705	7.7893752921e-05	upper
706	706	7.7893752921e-05	upper
707	707	0.000701043776289	upper
708	708	0.000506309393987	upper
709	709	0.000194734382303	upper
710	710	7.7893752921e-05	upper
711	711	0.000272628135224	upper
712	712	0.000233681258763	upper
713	713	0.000350521888145	upper
714	714	0.000116840629382	upper
715	715	0.000233681258763	upper
716	716	0.00116840629382	upper
717	717	0.000467362517526	upper
718	718	0.000389468764605	upper
719	719	0.000662096899829	upper
720	720	0.00109051254089	upper
721	721	0.00241470634055	upper
722	722	0.000506309393987	upper
723	723	7.7893752921e-05	upper
724	724	7.7893752921e-05	upper
725	725	0.000155787505842	upper
726	726	0.000233681258763	upper
727	727	7.7893752921e-05	upper
728	728	0.000194734382303	upper
729	729	0.000194734382303	upper
730	730	0.000155787505842	upper
731	731	0.000350521888145	upper
732	732	0.00229786571117	upper
733	733	0.000545256270447	upper
734	734	0.000973671911513	upper
735	735	0.00241470634055	upper
736	736	0.000233681258763	upper
737	737	0.000856831282131	upper
738	738	0.000506309393987	upper
739	739	0.000311575011684	upper
740	740	0.000194734382303	upper
741	741	0.000194734382303	upper
742	742	0.0012852469232	upper
743	743	0.00124630004674	upper
744	744	0.0018694500701	upper
745	745	0.00159682193488	upper
746	746	0.000584203146908	upper
747	747	0.00171366256426	upper
748	748	0.000233681258763	upper
749	749	0.000233681258763	upper
750	750	0.000233681258763	upper
751	751	3.89468764605e-05	upper
752	752	0.000584203146908	upper
753	753	0.0	upper
754	754	0.0018694500701	upper
755	755	0.0	upper
756	756	0.000194734382303	upper
757	757	0.00292101573454	upper
758	758	0.000311575011684	upper
759	759	0.000350521888145	upper
760	760	0.000233681258763	upper
761	761	0.00124630004674	upper
762	762	0.00073999065275	upper
763	763	0.000194734382303	upper
764	764	0.000155787505842	upper
765	765	0.000155787505842	upper
766	766	3.89468764605e-05	upper
767	767	0.000389468764605	upper
768	768	0.000194734382303	upper
769	769	0.000272628135224	upper
770	770	0.000467362517526	upper
771	771	0.00073999065275	upper
772	772	0.000467362517526	upper
773	773	0.000155787505842	upper
774	774	7.7893752921e-05	upper
775	775	0.00284312198162	upper
776	776	0.000506309393987	upper
777	777	0.000428415641066	upper
778	778	0.000311575011684	upper
779	779	0.00077893752921	upper
780	780	0.000155787505842	upper
781	781	0.000389468764605	upper
782	782	0.000155787505842	upper
783	783	0.000311575011684	upper
784	784	7.7893752921e-05	upper
785	785	0.000116840629382	upper
786	786	7.7893752921e-05	upper
787	787	7.7893752921e-05	upper
788	788	0.000116840629382	upper
789	789	0.000116840629382	upper
790	790	0.000116840629382	upper
791	791	7.7893752921e-05	upper
792	792	3.89468764605e-05	upper
793	793	0.000233681258763	upper
794	794	0.000233681258763	upper
795	795	0.000116840629382	upper
796	796	0.000116840629382	upper
797	797	0.000506309393987	upper
798	798	0.000233681258763	upper
799	799	0.000311575011684	upper
800	800	0.000467362517526	upper
801	801	0.000155787505842	upper
802	802	0.000155787505842	upper
803	803	0.000116840629382	upper
804	804	7.7893752921e-05	upper
805	805	0.000233681258763	upper
806	806	0.000506309393987	upper
807	807	0.000506309393987	upper
808	808	0.000428415641066	upper
809	809	0.000194734382303	upper
810	810	0.000545256270447	upper
811	811	0.000194734382303	upper
812	812	0.000233681258763	upper
813	813	0.000116840629382	upper
814	814	0.0	upper
815	815	7.7893752921e-05	upper
816	816	3.89468764605e-05	upper
817	817	0.000116840629382	upper
818	818	0.000350521888145	upper
819	819	0.000116840629382	upper
820	820	0.000194734382303	upper
821	821	0.000934725035052	upper
822	822	0.00073999065275	upper
823	823	0.00175260944072	upper
824	824	0.000350521888145	upper
825	825	0.000233681258763	upper
826	826	0.00109051254089	upper
827	827	0.0014799813055	upper
828	828	0.000545256270447	upper
829	829	0.000895778158592	upper
830	830	0.0018694500701	upper
831	831	0.00073999065275	upper
832	832	0.000662096899829	upper
833	833	0.000506309393987	upper
834	834	0.000973671911513	upper
835	835	0.00105156566443	upper
836	836	0.00159682193488	upper
837	837	0.000623150023368	upper
838	838	0.00202523757595	upper
839	839	0.000311575011684	upper
840	840	0.00171366256426	upper
841	841	0.000194734382303	upper
842	842	0.000662096899829	upper
843	843	0.00198629069949	upper
844	844	0.000934725035052	upper
845	845	0.000895778158592	upper
846	846	0.00112945941735	upper
847	847	0.000389468764605	upper
848	848	0.00171366256426	upper
849	849	0.000467362517526	upper
850	850	0.0016747156878	upper
851	851	0.000389468764605	upper
852	852	0.000701043776289	upper
853	853	0.000428415641066	upper
854	854	0.00116840629382	upper
855	855	0.000895778158592	upper
856	856	0.000311575011684	upper
857	857	0.000428415641066	upper
858	858	0.00194734382303	upper
859	859	0.000350521888145	upper
860	860	0.000155787505842	upper
861	861	0.00112945941735	upper
862	862	0.000272628135224	upper
863	863	7.7893752921e-05	upper
864	864	0.000155787505842	upper
865	865	0.000272628135224	upper
866	866	0.000233681258763	upper
867	867	7.7893752921e-05	upper
868	868	0.00284312198162	upper
869	869	0.00116840629382	upper
870	870	0.000194734382303	upper
871	871	7.7893752921e-05	upper
872	872	0.000155787505842	upper
873	873	0.000116840629382	upper
874	874	0.000662096899829	upper
875	875	0.00198629069949	upper
876	876	0.000973671911513	upper
877	877	0.00116840629382	upper
878	878	0.000116840629382	upper
879	879	0.000233681258763	upper
880	880	0.000623150023368	upper
881	881	0.000311575011684	upper
882	882	0.000194734382303	upper
883	883	0.000623150023368	upper
884	884	0.000311575011684	upper
885	885	0.000194734382303	upper
886	886	0.000116840629382	upper
887	887	0.000311575011684	upper
888	888	0.000389468764605	upper
889	889	0.000428415641066	upper
890	890	7.7893752921e-05	upper
891	891	0.000194734382303	upper
892	892	0.000233681258763	upper
893	893	0.000233681258763	upper
894	894	0.00132419379966	upper
895	895	0.000584203146908	upper
896	896	0.000311575011684	upper
897	897	0.000350521888145	upper
898	898	3.89468764605e-05	upper
899	899	0.000155787505842	upper
900	900	3.89468764605e-05	upper
901	901	0.000155787505842	upper
902	902	0.000662096899829	upper
903	903	0.000895778158592	upper
904	904	0.000428415641066	upper
905	905	0.00237575946409	upper
906	906	0.000116840629382	upper
907	907	7.7893752921e-05	upper
908	908	0.000116840629382	upper
909	909	7.7893752921e-05	upper
910	910	0.000116840629382	upper
911	911	0.000350521888145	upper
912	912	0.000311575011684	upper
913	913	7.7893752921e-05	upper
914	914	0.000194734382303	upper
915	915	0.00249260009347	upper
916	916	0.000467362517526	upper
917	917	3.89468764605e-05	upper
918	918	3.89468764605e-05	upper
919	919	0.000116840629382	upper
920	920	0.000116840629382	upper
921	921	0.0	upper
922	922	0.000233681258763	upper
923	923	0.000428415641066	upper
924	924	0.000350521888145	upper
925	925	0.000116840629382	upper
926	926	0.000428415641066	upper
927	927	7.7893752921e-05	upper
928	928	0.00245365321701	upper
929	929	0.00077893752921	upper
930	930	0.000350521888145	upper
931	931	0.000428415641066	upper
932	932	0.000623150023368	upper
933	933	0.000194734382303	upper
934	934	0.000233681258763	upper
935	935	0.000272628135224	upper
936	936	0.000155787505842	upper
937	937	0.000311575011684	upper
938	938	7.7893752921e-05	upper
939	939	0.000155787505842	upper
940	940	0.000350521888145	upper
941	941	0.000350521888145	upper
942	942	0.00159682193488	upper
943	943	0.000233681258763	upper
944	944	0.000194734382303	upper
945	945	0.000662096899829	upper
946	946	0.000506309393987	upper
947	947	0.00140208755258	upper
948	948	0.0	upper
949	949	0.000233681258763	upper
950	950	0.000194734382303	upper
951	951	0.000895778158592	upper
952	952	0.000272628135224	upper
953	953	0.000311575011684	upper
954	954	0.00202523757595	upper
955	955	7.7893752921e-05	upper
956	956	0.000467362517526	upper
957	957	0.000272628135224	upper
958	958	0.000350521888145	upper
959	959	0.000194734382303	upper
960	960	3.89468764605e-05	upper
961	961	3.89468764605e-05	upper
962	962	0.000233681258763	upper
963	963	7.7893752921e-05	upper
964	964	0.00412836890481	upper
965	965	7.7893752921e-05	upper
966	966	0.000311575011684	upper
967	967	0.000389468764605	upper
968	968	0.000194734382303	upper
969	969	0.000350521888145	upper
970	970	7.7893752921e-05	upper
971	971	3.89468764605e-05	upper
972	972	0.000116840629382	upper
973	973	0.000272628135224	upper
974	974	0.000194734382303	upper
975	975	0.000545256270447	upper
976	976	7.7893752921e-05	upper
977	977	0.000428415641066	upper
978	978	0.000350521888145	upper
979	979	7.7893752921e-05	upper
980	980	0.000194734382303	upper
981	981	7.7893752921e-05	upper
982	982	7.7893752921e-05	upper
983	983	0.000311575011684	upper
984	984	0.000116840629382	upper
985	985	0.00412836890481	upper
986	986	0.000311575011684	upper
987	987	0.000428415641066	upper
988	988	0.000895778158592	upper
989	989	0.000389468764605	upper
990	990	0.000233681258763	upper
991	991	0.000194734382303	upper
992	992	7.7893752921e-05	upper
993	993	0.000545256270447	upper
994	994	0.000311575011684	upper
995	995	7.7893752921e-05	upper
996	996	0.000155787505842	upper
997	997	0.000584203146908	upper
998	998	0.00077893752921	upper
999	999	0.00155787505842	upper
1000	1000	0.0016747156878	upper
1001	1001	0.121163732669	upper
1002	1002	0.000934725035052	upper
1003	1003	0.000389468764605	upper
1004	1004	0.0012852469232	upper
1005	1005	0.108739679078	upper
1006	1006	0.0205250038947	upper
1007	1007	0.0014799813055	upper
1008	1008	0.00140208755258	upper
1009	1009	0.126343667238	upper
1010	1010	0.000895778158592	upper
1011	1011	3.89468764605e-05	upper
1012	1012	0.000194734382303	upper
1013	1013	0.000272628135224	upper
1014	1014	0.000311575011684	upper
1015	1015	0.000272628135224	upper
1016	1016	0.000116840629382	upper
1017	1017	0.000389468764605	upper
1018	1018	0.0016747156878	upper
1019	1019	0.000701043776289	upper
1020	1020	0.00140208755258	upper
1021	1021	0.117346938776	upper
1022	1022	0.024614425923	upper
1023	1023	0.000817884405671	upper
1024	1024	0.00073999065275	upper
1025	1025	0.00179155631718	upper
1026	1026	0.000817884405671	upper
1027	1027	0.000311575011684	upper
1028	1028	0.000467362517526	upper
1029	1029	0.000428415641066	upper
1030	1030	0.000545256270447	upper
1031	1031	0.000701043776289	upper
1032	1032	0.000194734382303	upper
1033	1033	0.000662096899829	upper
1034	1034	0.000973671911513	upper
1035	1035	0.000623150023368	upper
1036	1036	0.00140208755258	upper
1037	1037	0.128641532949	upper
1038	1038	0.00132419379966	upper
1039	1039	0.00163576881134	upper
1040	1040	0.000623150023368	upper
1041	1041	0.00105156566443	upper
1042	1042	0.00109051254089	upper
1043	1043	0.000389468764605	upper
1044	1044	7.7893752921e-05	upper
1045	1045	0.000194734382303	upper
1046	1046	0.000233681258763	upper
1047	1047	0.000272628135224	upper
1048	1048	0.000233681258763	upper
1049	1049	0.000155787505842	upper
1050	1050	0.00136314067612	upper
1051	1051	0.000506309393987	upper
1052	1052	0.000155787505842	upper
1053	1053	7.7893752921e-05	upper
1054	1054	0.000116840629382	upper
1055	1055	0.000233681258763	upper
1056	1056	3.89468764605e-05	upper
1057	1057	0.000311575011684	upper
1058	1058	0.00132419379966	upper
1059	1059	0.00073999065275	upper
1060	1060	0.000194734382303	upper
1061	1061	0.000623150023368	upper
1062	1062	0.000233681258763	upper
1063	1063	0.000272628135224	upper
1064	1064	0.000545256270447	upper
1065	1065	7.7893752921e-05	upper
1066	1066	0.000194734382303	upper
1067	1067	0.000116840629382	upper
1068	1068	7.7893752921e-05	upper
1069	1069	0.000623150023368	upper
1070	1070	0.000116840629382	upper
1071	1071	0.000116840629382	upper
1072	1072	0.000428415641066	upper
1073	1073	0.000155787505842	upper
1074	1074	0.000506309393987	upper
1075	1075	0.00327153762268	upper
1076	1076	0.000233681258763	upper
1077	1077	0.000233681258763	upper
1078	1078	0.0	upper
1079	1079	3.89468764605e-05	upper
1080	1080	0.00311575011684	upper
1081	1081	7.7893752921e-05	upper
1082	1082	3.89468764605e-05	upper
1083	1083	7.7893752921e-05	upper
1084	1084	0.000389468764605	upper
1085	1085	0.000545256270447	upper
1086	1086	0.000506309393987	upper
1087	1087	0.000194734382303	upper
1088	1088	0.000662096899829	upper
1089	1089	0.000467362517526	upper
1090	1090	0.000116840629382	upper
1091	1091	7.7893752921e-05	upper
1092	1092	0.000233681258763	upper
1093	1093	7.7893752921e-05	upper
1094	1094	0.000311575011684	upper
1095	1095	0.000428415641066	upper
1096	1096	0.000311575011684	upper
1097	1097	0.000467362517526	upper
1098	1098	0.000272628135224	upper
1099	1099	3.89468764605e-05	upper
1100	1100	0.000116840629382	upper
1101	1101	7.7893752921e-05	upper
1102	1102	0.000155787505842	upper
1103	1103	7.7893752921e-05	upper
1104	1104	7.7893752921e-05	upper
1105	1105	7.7893752921e-05	upper
1106	1106	0.000233681258763	upper
1107	1107	0.000194734382303	upper
1108	1108	3.89468764605e-05	upper
1109	1109	0.000116840629382	upper
1110	1110	0.000506309393987	upper
1111	1111	0.000506309393987	upper
1112	1112	0.000194734382303	upper
1113	1113	0.000194734382303	upper
1114	1114	0.000701043776289	upper
1115	1115	0.000272628135224	upper
1116	1116	0.0014799813055	upper
1117	1117	0.000467362517526	upper
1118	1118	0.000934725035052	upper
1119	1119	0.0633276211248	upper
1120	1120	0.000545256270447	upper
1121	1121	0.000233681258763	upper
1122	1122	0.00206418445241	upper
1123	1123	0.000506309393987	upper
1124	1124	0.000545256270447	upper
1125	1125	0.000584203146908	upper
1126	1126	0.00120735317028	upper
1127	1127	0.000233681258763	upper
1128	1128	0.000155787505842	upper
1129	1129	3.89468764605e-05	upper
1130	1130	0.000701043776289	upper
1131	1131	0.000701043776289	upper
1132	1132	0.000817884405671	upper
1133	1133	0.00179155631718	upper
1134	1134	0.00163576881134	upper
1135	1135	0.00171366256426	upper
1136	1136	0.000623150023368	upper
1137	1137	0.000701043776289	upper
1138	1138	0.000350521888145	upper
1139	1139	0.00225891883471	upper
1140	1140	0.00120735317028	upper
1141	1141	0.000506309393987	upper
1142	1142	0.000272628135224	upper
1143	1143	0.000545256270447	upper
1144	1144	0.000701043776289	upper
1145	1145	0.000116840629382	upper
1146	1146	0.000155787505842	upper
1147	1147	0.000311575011684	upper
1148	1148	0.000116840629382	upper
1149	1149	0.00210313132887	upper
1150	1150	0.000506309393987	upper
1151	1151	0.000662096899829	upper
1152	1152	0.00073999065275	upper
1153	1153	0.000350521888145	upper
1154	1154	0.000584203146908	upper
1155	1155	0.0014799813055	upper
1156	1156	0.000856831282131	upper
1157	1157	0.000155787505842	upper
1158	1158	0.000272628135224	upper
1159	1159	0.000155787505842	upper
1160	1160	0.000194734382303	upper
1161	1161	0.000194734382303	upper
1162	1162	0.000584203146908	upper
1163	1163	7.7893752921e-05	upper
1164	1164	0.000506309393987	upper
1165	1165	0.000233681258763	upper
1166	1166	0.000194734382303	upper
1167	1167	0.00221997195825	upper
1168	1168	0.000350521888145	upper
1169	1169	0.0	upper
1170	1170	0.000116840629382	upper
1171	1171	0.000116840629382	upper
1172	1172	0.00124630004674	upper
1173	1173	0.0	upper
1174	1174	0.000116840629382	upper
1175	1175	0.000194734382303	upper
1176	1176	0.000233681258763	upper
1177	1177	0.000116840629382	upper
1178	1178	7.7893752921e-05	upper
1179	1179	0.000194734382303	upper
1180	1180	0.000194734382303	upper
1181	1181	0.000194734382303	upper
1182	1182	0.00229786571117	upper
1183	1183	0.000506309393987	upper
1184	1184	0.000116840629382	upper
1185	1185	0.000233681258763	upper
1186	1186	0.000350521888145	upper
1187	1187	0.000155787505842	upper
1188	1188	0.0014799813055	upper
1189	1189	0.000194734382303	upper
1190	1190	0.000662096899829	upper
1191	1191	0.000194734382303	upper
1192	1192	7.7893752921e-05	upper
1193	1193	0.000467362517526	upper
1194	1194	0.000155787505842	upper
1195	1195	0.000116840629382	upper
1196	1196	7.7893752921e-05	upper
1197	1197	0.000701043776289	upper
1198	1198	0.000389468764605	upper
1199	1199	7.7893752921e-05	upper
1200	1200	7.7893752921e-05	upper
1201	1201	0.000155787505842	upper
1202	1202	0.000116840629382	upper
1203	1203	0.000194734382303	upper
1204	1204	0.000233681258763	upper
1205	1205	0.000116840629382	upper
1206	1206	0.000817884405671	upper
1207	1207	0.000389468764605	upper
1208	1208	3.89468764605e-05	upper
1209	1209	0.000311575011684	upper
1210	1210	0.000350521888145	upper
1211	1211	0.000155787505842	upper
1212	1212	3.89468764605e-05	upper
1213	1213	0.00101261878797	upper
1214	1214	3.89468764605e-05	upper
1215	1215	0.000389468764605	upper
1216	1216	0.000467362517526	upper
1217	1217	0.000389468764605	upper
1218	1218	0.00120735317028	upper
1219	1219	0.000116840629382	upper
1220	1220	3.89468764605e-05	upper
1221	1221	0.000350521888145	upper
1222	1222	0.000194734382303	upper
1223	1223	0.000116840629382	upper
1224	1224	0.000311575011684	upper
1225	1225	0.000233681258763	upper
1226	1226	0.000194734382303	upper
1227	1227	0.000155787505842	upper
1228	1228	0.000233681258763	upper
1229	1229	0.000155787505842	upper
1230	1230	0.000311575011684	upper
1231	1231	0.000701043776289	upper
1232	1232	0.000233681258763	upper
1233	1233	0.000233681258763	upper
1234	1234	0.000545256270447	upper
1235	1235	0.000155787505842	upper
1236	1236	0.000155787505842	upper
1237	1237	0.000155787505842	upper
1238	1238	0.000116840629382	upper
1239	1239	0.000155787505842	upper
1240	1240	3.89468764605e-05	upper
1241	1241	0.000233681258763	upper
1242	1242	0.00120735317028	upper
1243	1243	0.000389468764605	upper
1244	1244	0.000506309393987	upper
1245	1245	0.000467362517526	upper
1246	1246	0.000194734382303	upper
1247	1247	7.7893752921e-05	upper
1248	1248	0.000155787505842	upper
1249	1249	0.000311575011684	upper
1250	1250	0.000116840629382	upper
1251	1251	0.000623150023368	upper
1252	1252	0.000194734382303	upper
1253	1253	0.000350521888145	upper
1254	1254	0.000155787505842	upper
1255	1255	0.000428415641066	upper
1256	1256	0.000934725035052	upper
1257	1257	0.000155787505842	upper
1258	1258	0.000233681258763	upper
1259	1259	0.000623150023368	upper
1260	1260	0.000272628135224	upper
1261	1261	0.00077893752921	upper
1262	1262	0.00077893752921	upper
1263	1263	0.0012852469232	upper
1264	1264	0.000467362517526	upper
1265	1265	0.000233681258763	upper
1266	1266	0.000350521888145	upper
1267	1267	3.89468764605e-05	upper
1268	1268	0.000116840629382	upper
1269	1269	0.000272628135224	upper
1270	1270	0.000856831282131	upper
1271	1271	0.000428415641066	upper
1272	1272	7.7893752921e-05	upper
1273	1273	7.7893752921e-05	upper
1274	1274	0.00073999065275	upper
1275	1275	0.000272628135224	upper
1276	1276	0.000272628135224	upper
1277	1277	0.000428415641066	upper
1278	1278	0.00073999065275	upper
1279	1279	0.000233681258763	upper
1280	1280	0.000895778158592	upper
1281	1281	0.000194734382303	upper
1282	1282	0.00109051254089	upper
1283	1283	7.7893752921e-05	upper
1284	1284	0.000194734382303	upper
1285	1285	0.000545256270447	upper
1286	1286	0.000311575011684	upper
1287	1287	0.000194734382303	upper
1288	1288	0.000194734382303	upper
1289	1289	0.000155787505842	upper
1290	1290	0.000934725035052	upper
1291	1291	0.000662096899829	upper
1292	1292	0.000545256270447	upper
1293	1293	0.00101261878797	upper
1294	1294	0.000623150023368	upper
1295	1295	0.000194734382303	upper
1296	1296	0.000467362517526	upper
1297	1297	0.000389468764605	upper
1298	1298	3.89468764605e-05	upper
1299	1299	0.000194734382303	upper
1300	1300	0.000194734382303	upper
1301	1301	0.000272628135224	upper
1302	1302	0.000428415641066	upper
1303	1303	0.000350521888145	upper
1304	1304	0.000194734382303	upper
1305	1305	0.000116840629382	upper
1306	1306	0.000311575011684	upper
1307	1307	0.000428415641066	upper
1308	1308	0.000116840629382	upper
1309	1309	0.000389468764605	upper
1310	1310	0.000155787505842	upper
1311	1311	0.000116840629382	upper
1312	1312	0.000545256270447	upper
1313	1313	0.000116840629382	upper
1314	1314	0.000856831282131	upper
1315	1315	0.000116840629382	upper
1316	1316	3.89468764605e-05	upper
1317	1317	0.000194734382303	upper
1318	1318	0.000194734382303	upper
1319	1319	0.000155787505842	upper
1320	1320	0.000272628135224	upper
1321	1321	3.89468764605e-05	upper
1322	1322	7.7893752921e-05	upper
1323	1323	0.000428415641066	upper
1324	1324	0.000116840629382	upper
1325	1325	0.000389468764605	upper
1326	1326	0.000623150023368	upper
1327	1327	0.000155787505842	upper
1328	1328	0.0	upper
1329	1329	0.000428415641066	upper
1330	1330	0.0	upper
1331	1331	0.000155787505842	upper
1332	1332	3.89468764605e-05	upper
1333	1333	7.7893752921e-05	upper
1334	1334	0.000623150023368	upper
1335	1335	0.000428415641066	upper
1336	1336	0.000233681258763	upper
1337	1337	0.000194734382303	upper
1338	1338	0.000155787505842	upper
1339	1339	0.000116840629382	upper
1340	1340	0.000233681258763	upper
1341	1341	0.000116840629382	upper
1342	1342	0.000155787505842	upper
1343	1343	0.000194734382303	upper
1344	1344	0.000506309393987	upper
1345	1345	0.000116840629382	upper
1346	1346	0.000194734382303	upper
1347	1347	0.000233681258763	upper
1348	1348	7.7893752921e-05	upper
1349	1349	0.000116840629382	upper
1350	1350	3.89468764605e-05	upper
1351	1351	0.000194734382303	upper
1352	1352	7.7893752921e-05	upper
1353	1353	0.00233681258763	upper
1354	1354	0.00116840629382	upper
1355	1355	0.000350521888145	upper
1356	1356	0.000116840629382	upper
1357	1357	0.000194734382303	upper
1358	1358	0.000116840629382	upper
1359	1359	3.89468764605e-05	upper
1360	1360	3.89468764605e-05	upper
1361	1361	0.00163576881134	upper
1362	1362	7.7893752921e-05	upper
1363	1363	0.000934725035052	upper
1364	1364	0.000194734382303	upper
1365	1365	0.000350521888145	upper
1366	1366	0.00171366256426	upper
1367	1367	0.00280417510516	upper
1368	1368	0.000194734382303	upper
1369	1369	7.7893752921e-05	upper
1370	1370	0.000155787505842	upper
1371	1371	0.000428415641066	upper
1372	1372	3.89468764605e-05	upper
1373	1373	0.0	upper
1374	1374	0.000233681258763	upper
1375	1375	0.000116840629382	upper
1376	1376	0.000116840629382	upper
1377	1377	7.7893752921e-05	upper
1378	1378	0.000194734382303	upper
1379	1379	0.000155787505842	upper
1380	1380	0.000233681258763	upper
1381	1381	0.0012852469232	upper
1382	1382	0.000233681258763	upper
1383	1383	0.000895778158592	upper
1384	1384	0.00144103442904	upper
1385	1385	0.000155787505842	upper
1386	1386	0.000545256270447	upper
1387	1387	0.00077893752921	upper
1388	1388	0.000194734382303	upper
1389	1389	0.000973671911513	upper
1390	1390	0.000116840629382	upper
1391	1391	0.000116840629382	upper
1392	1392	0.000350521888145	upper
1393	1393	0.000350521888145	upper
1394	1394	0.000194734382303	upper
1395	1395	0.000389468764605	upper
1396	1396	0.000272628135224	upper
1397	1397	0.000272628135224	upper
1398	1398	0.000350521888145	upper
1399	1399	0.000467362517526	upper
1400	1400	0.000467362517526	upper
1401	1401	0.000350521888145	upper
1402	1402	3.89468764605e-05	upper
1403	1403	0.000428415641066	upper
1404	1404	0.000194734382303	upper
1405	1405	0.000506309393987	upper
1406	1406	0.000116840629382	upper
1407	1407	0.000389468764605	upper
1408	1408	0.000233681258763	upper
1409	1409	0.000623150023368	upper
1410	1410	0.000272628135224	upper
1411	1411	7.7893752921e-05	upper
1412	1412	0.000194734382303	upper
1413	1413	0.000428415641066	upper
1414	1414	0.000467362517526	upper
1415	1415	0.000311575011684	upper
1416	1416	0.000701043776289	upper
1417	1417	0.000311575011684	upper
1418	1418	0.000272628135224	upper
1419	1419	0.000350521888145	upper
1420	1420	0.000233681258763	upper
1421	1421	0.000116840629382	upper
1422	1422	0.000467362517526	upper
1423	1423	0.000817884405671	upper
1424	1424	0.00077893752921	upper
1425	1425	0.000584203146908	upper
1426	1426	0.000194734382303	upper
1427	1427	0.000623150023368	upper
1428	1428	0.000194734382303	upper
1429	1429	0.000311575011684	upper
1430	1430	0.000428415641066	upper
1431	1431	0.000467362517526	upper
1432	1432	0.000311575011684	upper
1433	1433	0.0	upper
1434	1434	0.000194734382303	upper
1435	1435	0.000116840629382	upper
1436	1436	0.000233681258763	upper
1437	1437	0.000116840629382	upper
1438	1438	0.000389468764605	upper
1439	1439	0.000233681258763	upper
1440	1440	0.000155787505842	upper
1441	1441	7.7893752921e-05	upper
1442	1442	7.7893752921e-05	upper
1443	1443	0.000856831282131	upper
1444	1444	0.000155787505842	upper
1445	1445	0.000155787505842	upper
1446	1446	0.000233681258763	upper
1447	1447	0.000233681258763	upper
1448	1448	0.000194734382303	upper
1449	1449	0.000428415641066	upper
1450	1450	0.000272628135224	upper
1451	1451	0.000233681258763	upper
1452	1452	0.000701043776289	upper
1453	1453	0.000350521888145	upper
1454	1454	0.00124630004674	upper
1455	1455	0.00124630004674	upper
1456	1456	0.000155787505842	upper
1457	1457	0.000116840629382	upper
1458	1458	0.000623150023368	upper
1459	1459	0.000506309393987	upper
1460	1460	0.000272628135224	upper
1461	1461	0.000233681258763	upper
1462	1462	0.000389468764605	upper
1463	1463	0.000662096899829	upper
1464	1464	7.7893752921e-05	upper
1465	1465	3.89468764605e-05	upper
1466	1466	0.000155787505842	upper
1467	1467	0.000389468764605	upper
1468	1468	0.000116840629382	upper
1469	1469	0.000467362517526	upper
1470	1470	7.7893752921e-05	upper
1471	1471	0.000350521888145	upper
1472	1472	3.89468764605e-05	upper
1473	1473	0.000467362517526	upper
1474	1474	7.7893752921e-05	upper
1475	1475	3.89468764605e-05	upper
1476	1476	0.000155787505842	upper
1477	1477	0.000389468764605	upper
1478	1478	0.0	upper
1479	1479	0.000155787505842	upper
1480	1480	0.000233681258763	upper
1481	1481	0.0	upper
1482	1482	0.0	upper
1483	1483	0.0	upper
1484	1484	0.0	upper
1485	1485	0.0	upper
1486	1486	0.0	upper
1487	1487	0.0	upper
1488	1488	0.0	upper
1489	1489	0.0	upper
1490	1490	0.0	upper
1491	1491	0.0	upper
1492	1492	0.0	upper
1493	1493	0.0	upper
1494	1494	0.0	upper
1495	1495	0.0	upper
1496	1496	0.0	upper
1497	1497	0.0	upper
1498	1498	0.0	upper
1499	1499	0.0	upper
1500	1500	0.0	upper
1501	1501	0.0	upper
1502	1502	0.0	upper
1503	1503	0.0	upper
1504	1504	0.0	upper
1505	1505	0.0	upper
1506	1506	0.0	upper
1507	1507	0.0	upper
1508	1508	0.0	upper
1509	1509	0.0	upper
1510	1510	0.0	upper
1511	1511	0.0	upper
1512	1512	0.0	upper
1513	1513	0.0	upper
1514	1514	0.0	upper
1515	1515	0.0	upper
1516	1516	0.0	upper
1517	1517	0.0	upper
1518	1518	0.0	upper
1519	1519	0.0	upper
1520	1520	0.0	upper
1521	1521	0.0	upper
1522	1522	0.0	upper
1523	1523	0.0	upper
1524	1524	0.0	upper
1525	1525	0.0	upper
1526	1526	0.0	upper
1527	1527	0.0	upper
1528	1528	0.0	upper
1529	1529	0.0	upper
1530	1530	0.0	upper
1531	1531	0.0	upper
1532	1532	0.0	upper
1533	1533	0.0	upper
1534	1534	0.0	upper
1535	1535	0.0	upper
1536	1536	0.0	upper
1537	1537	0.0	upper
1538	1538	0.0	upper
1539	1539	0.0	upper
1540	1540	0.0	upper
1541	1541	0.0	upper
1542	1542	0.0	upper
1543	1543	0.0	upper
1544	1544	0.0	upper
1545	1545	0.0	upper
1546	1546	0.0	upper
1547	1547	0.0	upper
1548	1548	0.0	upper
1549	1549	0.0	upper
1550	1550	0.0	upper
1551	1551	0.0	upper
1552	1552	0.0	upper
1553	1553	0.0	upper
1554	1554	0.0	upper
1555	1555	0.0	upper
1556	1556	0.0	upper
1557	1557	0.0	upper
1558	1558	0.0	upper
1559	1559	0.0	upper
1560	1560	0.0	upper
1561	1561	0.0	upper
1562	1562	0.0	upper
1563	1563	0.0	upper
1564	1564	0.0	upper
1565	1565	0.0	upper
1566	1566	0.0	upper
1567	1567	0.0	upper
1568	1568	0.0	upper
1569	1569	0.0	upper
1570	1570	0.0	upper
1571	1571	0.0	upper
0	1	0.0	lower
1	2	0.0	lower
2	3	0.0	lower
3	4	0.0	lower
4	5	0.0	lower
5	6	0.0	lower
6	7	0.0	lower
7	8	0.0	lower
8	9	0.0	lower
9	10	0.0	lower
10	11	0.0	lower
11	12	0.0	lower
12	13	0.0	lower
13	14	0.0	lower
14	15	0.0	lower
15	16	0.0	lower
16	17	0.0	lower
17	18	0.0	lower
18	19	0.0	lower
19	20	0.0135135135135	lower
20	21	0.0	lower
21	22	0.0	lower
22	23	0.0	lower
23	24	0.0	lower
24	25	0.0	lower
25	26	0.0	lower
26	27	0.0	lower
27	28	0.0	lower
28	29	0.0	lower
29	30	0.0	lower
30	31	0.0	lower
31	32	0.0	lower
32	33	0.0	lower
33	34	0.0	lower
34	35	0.0	lower
35	36	0.0	lower
36	37	0.0	lower
37	38	0.0	lower
38	39	0.0	lower
39	40	0.0	lower
40	41	0.0	lower
41	42	0.0	lower
42	43	0.0	lower
43	44	0.0147058823529	lower
44	45	0.0	lower
45	46	0.0	lower
46	47	0.0	lower
47	48	0.0	lower
48	49	0.0	lower
49	50	0.0	lower
50	51	0.0	lower
51	52	0.0147058823529	lower
52	53	0.0149253731343	lower
53	54	0.0	lower
54	55	0.0	lower
55	56	0.0	lower
56	57	0.0	lower
57	58	0.0	lower
58	59	0.0	lower
59	60	0.0	lower
60	61	0.0	lower
61	62	0.0	lower
62	63	0.0	lower
63	64	0.0	lower
64	65	0.0	lower
65	66	0.0	lower
66	67	0.0	lower
67	68	0.0	lower
68	69	0.0	lower
69	70	0.0	lower
70	71	0.0	lower
71	72	0.0	lower
72	73	0.0	lower
73	74	0.0	lower
74	75	0.0	lower
75	76	0.0	lower
76	77	0.0	lower
77	78	0.0	lower
78	79	0.68115942029	lower
79	80	0.492753623188	lower
80	81	0.0	lower
81	82	0.0	lower
82	83	0.0	lower
83	84	0.0	lower
84	85	0.0	lower
85	86	0.0	lower
86	87	0.0	lower
87	88	0.0	lower
88	89	0.507246376812	lower
89	90	0.695652173913	lower
90	91	0.0	lower
91	92	0.0	lower
92	93	0.507246376812	lower
93	94	0.0	lower
94	95	0.0	lower
95	96	0.0	lower
96	97	0.0	lower
97	98	0.0	lower
98	99	0.0	lower
99	100	0.0	lower
100	101	0.0	lower
101	102	0.0	lower
102	103	0.0	lower
103	104	0.0	lower
104	105	0.0	lower
105	106	0.0	lower
106	107	0.0	lower
107	108	0.0	lower
108	109	0.0	lower
109	110	0.0169491525424	lower
110	111	0.015873015873	lower
111	112	0.0	lower
112	113	0.0	lower
113	114	0.166666666667	lower
114	115	0.0	lower
115	116	0.0	lower
116	117	0.0	lower
117	118	0.025	lower
118	119	0.0	lower
119	120	0.0	lower
120	121	0.0	lower
121	122	0.0	lower
122	123	0.0	lower
123	124	0.0	lower
124	125	0.0	lower
125	126	0.0	lower
126	127	0.0	lower
127	128	0.0	lower
128	129	0.0377358490566	lower
129	130	0.0	lower
130	131	0.224137931034	lower
131	132	0.0	lower
132	133	0.0	lower
133	134	0.0	lower
134	135	0.0185185185185	lower
135	136	0.0	lower
136	137	0.0	lower
137	138	0.0	lower
138	139	0.0	lower
139	140	0.0	lower
140	141	0.0	lower
141	142	0.0	lower
142	143	0.0	lower
143	144	0.0	lower
144	145	0.0	lower
145	146	0.0	lower
146	147	0.0	lower
147	148	0.0	lower
148	149	0.0454545454545	lower
149	150	0.0	lower
150	151	0.0	lower
151	152	0.0	lower
152	153	0.0	lower
153	154	0.0	lower
154	155	0.0	lower
155	156	0.0	lower
156	157	0.0	lower
157	158	0.0	lower
158	159	0.0	lower
159	160	0.0	lower
160	161	0.0	lower
161	162	0.0	lower
162	163	0.0	lower
163	164	0.0	lower
164	165	0.0	lower
165	166	0.0	lower
166	167	0.0	lower
167	168	0.0	lower
168	169	0.0	lower
169	170	0.0	lower
170	171	0.0	lower
171	172	0.0	lower
172	173	0.0	lower
173	174	0.0	lower
174	175	0.0	lower
175	176	0.0178571428571	lower
176	177	0.0	lower
177	178	0.0	lower
178	179	0.0	lower
179	180	0.0	lower
180	181	0.0	lower
181	182	0.0	lower
182	183	0.172413793103	lower
183	184	0.0	lower
184	185	0.0	lower
185	186	0.0	lower
186	187	0.0	lower
187	188	0.0	lower
188	189	0.0	lower
189	190	0.0	lower
190	191	0.0	lower
191	192	0.0	lower
192	193	0.0	lower
193	194	0.0	lower
194	195	0.0	lower
195	196	0.0	lower
196	197	0.0	lower
197	198	0.0	lower
198	199	0.0	lower
199	200	0.0	lower
200	201	0.0	lower
201	202	0.0	lower
202	203	0.0	lower
203	204	0.114754098361	lower
204	205	0.0	lower
205	206	0.0	lower
206	207	0.0	lower
207	208	0.80701754386	lower
208	209	0.0	lower
209	210	0.0	lower
210	211	0.0	lower
211	212	0.0	lower
212	213	0.0	lower
213	214	0.0	lower
214	215	0.0	lower
215	216	0.0	lower
216	217	0.0169491525424	lower
217	218	0.0	lower
218	219	0.0	lower
219	220	0.0	lower
220	221	0.0	lower
221	222	0.0	lower
222	223	0.0	lower
223	224	0.0	lower
224	225	0.0	lower
225	226	0.133333333333	lower
226	227	0.0	lower
227	228	0.0	lower
228	229	0.0	lower
229	230	0.0	lower
230	231	0.0	lower
231	232	0.0	lower
232	233	0.0	lower
233	234	0.0	lower
234	235	0.016393442623	lower
235	236	0.0	lower
236	237	0.0	lower
237	238	0.0	lower
238	239	0.0	lower
239	240	0.0	lower
240	241	0.0	lower
241	242	0.0	lower
242	243	0.0	lower
243	244	0.0	lower
244	245	0.0	lower
245	246	0.0	lower
246	247	0.0	lower
247	248	0.0153846153846	lower
248	249	0.0	lower
249	250	0.714285714286	lower
250	251	0.0	lower
251	252	0.0	lower
252	253	0.725806451613	lower
253	254	0.0	lower
254	255	0.0	lower
255	256	0.0	lower
256	257	0.0	lower
257	258	0.0149253731343	lower
258	259	0.0	lower
259	260	0.0	lower
260	261	0.0	lower
261	262	0.0	lower
262	263	0.0	lower
263	264	0.0	lower
264	265	0.0	lower
265	266	0.0	lower
266	267	0.0	lower
267	268	0.0	lower
268	269	0.0	lower
269	270	0.0	lower
270	271	0.0	lower
271	272	0.0	lower
272	273	0.772727272727	lower
273	274	0.0	lower
274	275	0.0	lower
275	276	0.0	lower
276	277	0.0	lower
277	278	0.0	lower
278	279	0.0	lower
279	280	0.0	lower
280	281	0.0	lower
281	282	0.0	lower
282	283	0.0142857142857	lower
283	284	0.0	lower
284	285	0.0	lower
285	286	0.0	lower
286	287	0.0	lower
287	288	0.0	lower
288	289	0.0	lower
289	290	0.0	lower
290	291	0.0	lower
291	292	0.0	lower
292	293	0.0	lower
293	294	0.0	lower
294	295	0.0	lower
295	296	0.0	lower
296	297	0.0	lower
297	298	0.0	lower
298	299	0.0	lower
299	300	0.0	lower
300	301	0.0	lower
301	302	0.0	lower
302	303	0.0	lower
303	304	0.0	lower
304	305	0.0	lower
305	306	0.0	lower
306	307	0.0	lower
307	308	0.0	lower
308	309	0.0	lower
309	310	0.0	lower
310	311	0.0	lower
311	312	0.0	lower
312	313	0.0	lower
313	314	0.0	lower
314	315	0.0	lower
315	316	0.0	lower
316	317	0.0126582278481	lower
317	318	0.0	lower
318	319	0.0	lower
319	320	0.0	lower
320	321	0.0	lower
321	322	0.0	lower
322	323	0.0	lower
323	324	0.0	lower
324	325	0.0	lower
325	326	0.0	lower
326	327	0.0	lower
327	328	0.0	lower
328	329	0.0	lower
329	330	0.0	lower
330	331	0.0	lower
331	332	0.0	lower
332	333	0.0	lower
333	334	0.0	lower
334	335	0.0	lower
335	336	0.0	lower
336	337	0.0123456790123	lower
337	338	0.0	lower
338	339	0.0	lower
339	340	0.0	lower
340	341	0.0	lower
341	342	0.0	lower
342	343	0.0	lower
343	344	0.0	lower
344	345	0.0	lower
345	346	0.0	lower
346	347	0.0120481927711	lower
347	348	0.0	lower
348	349	0.0	lower
349	350	0.0	lower
350	351	0.0	lower
351	352	0.0	lower
352	353	0.0	lower
353	354	0.0	lower
354	355	0.0	lower
355	356	0.0	lower
356	357	0.0	lower
357	358	0.0	lower
358	359	0.0	lower
359	360	0.0106382978723	lower
360	361	0.0	lower
361	362	0.0	lower
362	363	0.0	lower
363	364	0.0	lower
364	365	0.0	lower
365	366	0.0	lower
366	367	0.0	lower
367	368	0.0	lower
368	369	0.0	lower
369	370	0.0	lower
370	371	0.0	lower
371	372	0.0	lower
372	373	0.0	lower
373	374	0.0	lower
374	375	0.0	lower
375	376	0.0	lower
376	377	0.0	lower
377	378	0.0	lower
378	379	0.0	lower
379	380	0.0	lower
380	381	0.0	lower
381	382	0.0	lower
382	383	0.0	lower
383	384	0.0	lower
384	385	0.0	lower
385	386	0.0	lower
386	387	0.00943396226415	lower
387	388	0.0	lower
388	389	0.0	lower
389	390	0.0	lower
390	391	0.0	lower
391	392	0.0	lower
392	393	0.0	lower
393	394	0.0	lower
394	395	0.0	lower
395	396	0.0	lower
396	397	0.0	lower
397	398	0.0	lower
398	399	0.0	lower
399	400	0.0	lower
400	401	0.0	lower
401	402	0.0	lower
402	403	0.0	lower
403	404	0.0	lower
404	405	0.0	lower
405	406	0.0	lower
406	407	0.0	lower
407	408	0.0	lower
408	409	0.0	lower
409	410	0.0	lower
410	411	0.0	lower
411	412	0.0	lower
412	413	0.0	lower
413	414	0.0	lower
414	415	0.0	lower
415	416	0.0	lower
416	417	0.0	lower
417	418	0.0	lower
418	419	0.0	lower
419	420	0.0	lower
420	421	0.0	lower
421	422	0.00854700854701	lower
422	423	0.0	lower
423	424	0.0	lower
424	425	0.0	lower
425	426	0.0	lower
426	427	0.0	lower
427	428	0.0	lower
428	429	0.0	lower
429	430	0.0	lower
430	431	0.0	lower
431	432	0.0	lower
432	433	0.0	lower
433	434	0.00862068965517	lower
434	435	0.0	lower
435	436	0.0	lower
436	437	0.0	lower
437	438	0.0	lower
438	439	0.00877192982456	lower
439	440	0.0	lower
440	441	0.0	lower
441	442	0.0	lower
442	443	0.0	lower
443	444	0.0	lower
444	445	0.0	lower
445	446	0.0	lower
446	447	0.0	lower
447	448	0.0	lower
448	449	0.0	lower
449	450	0.0	lower
450	451	0.0	lower
451	452	0.0	lower
452	453	0.0	lower
453	454	0.0	lower
454	455	0.0	lower
455	456	0.0	lower
456	457	0.00833333333333	lower
457	458	0.0	lower
458	459	0.0	lower
459	460	0.0	lower
460	461	0.0	lower
461	462	0.0	lower
462	463	0.0	lower
463	464	0.0	lower
464	465	0.0	lower
465	466	0.0	lower
466	467	0.0	lower
467	468	0.0	lower
468	469	0.0	lower
469	470	0.0	lower
470	471	0.0	lower
471	472	0.0	lower
472	473	0.0	lower
473	474	0.0	lower
474	475	0.0	lower
475	476	0.0	lower
476	477	0.0	lower
477	478	0.0	lower
478	479	0.0	lower
479	480	0.0	lower
480	481	0.0	lower
481	482	0.0	lower
482	483	0.0	lower
483	484	0.0	lower
484	485	0.0	lower
485	486	0.0	lower
486	487	0.0	lower
487	488	0.0	lower
488	489	0.0	lower
489	490	0.0	lower
490	491	0.0	lower
491	492	0.0	lower
492	493	0.0	lower
493	494	0.0	lower
494	495	0.0	lower
495	496	0.0	lower
496	497	0.0	lower
497	498	0.0	lower
498	499	0.0078125	lower
499	500	0.00787401574803	lower
500	501	0.0	lower
501	502	0.0	lower
502	503	0.0	lower
503	504	0.0	lower
504	505	0.0	lower
505	506	0.0	lower
506	507	0.0	lower
507	508	0.0	lower
508	509	0.0	lower
509	510	0.00819672131148	lower
510	511	0.0	lower
511	512	0.0	lower
512	513	0.0	lower
513	514	0.00806451612903	lower
514	515	0.0	lower
515	516	0.0	lower
516	517	0.0	lower
517	518	0.0	lower
518	519	0.0	lower
519	520	0.0	lower
520	521	0.0	lower
521	522	0.0	lower
522	523	0.0	lower
523	524	0.0	lower
524	525	0.0	lower
525	526	0.0	lower
526	527	0.00819672131148	lower
527	528	0.0	lower
528	529	0.0	lower
529	530	0.0	lower
530	531	0.0	lower
531	532	0.0	lower
532	533	0.0	lower
533	534	0.0	lower
534	535	0.0	lower
535	536	0.0	lower
536	537	0.0	lower
537	538	0.0	lower
538	539	0.0	lower
539	540	0.0	lower
540	541	0.0	lower
541	542	0.0	lower
542	543	0.0	lower
543	544	0.0	lower
544	545	0.0	lower
545	546	0.0	lower
546	547	0.0	lower
547	548	0.0	lower
548	549	0.0	lower
549	550	0.0	lower
550	551	0.0	lower
551	552	0.0	lower
552	553	0.0	lower
553	554	0.0	lower
554	555	0.0	lower
555	556	0.0	lower
556	557	0.0	lower
557	558	0.0	lower
558	559	0.0	lower
559	560	0.0	lower
560	561	0.0	lower
561	562	0.0	lower
562	563	0.0	lower
563	564	0.0	lower
564	565	0.0	lower
565	566	0.0	lower
566	567	0.0	lower
567	568	0.0	lower
568	569	0.0	lower
569	570	0.0	lower
570	571	0.0	lower
571	572	0.0	lower
572	573	0.0	lower
573	574	0.0	lower
574	575	0.0	lower
575	576	0.0	lower
576	577	0.0	lower
577	578	0.0	lower
578	579	0.0	lower
579	580	0.0	lower
580	581	0.0	lower
581	582	0.0	lower
582	583	0.0	lower
583	584	0.0	lower
584	585	0.0	lower
585	586	0.0	lower
586	587	0.0	lower
587	588	0.0	lower
588	589	0.0	lower
589	590	0.0	lower
590	591	0.0	lower
591	592	0.0	lower
592	593	0.0	lower
593	594	0.0	lower
594	595	0.0	lower
595	596	0.0	lower
596	597	0.0	lower
597	598	0.0	lower
598	599	0.0	lower
599	600	0.0	lower
600	601	0.0	lower
601	602	0.0	lower
602	603	0.0	lower
603	604	0.0	lower
604	605	0.0	lower
605	606	0.0	lower
606	607	0.0	lower
607	608	0.0	lower
608	609	0.0	lower
609	610	0.0	lower
610	611	0.0	lower
611	612	0.0	lower
612	613	0.0	lower
613	614	0.0	lower
614	615	0.0	lower
615	616	0.0	lower
616	617	0.0	lower
617	618	0.0	lower
618	619	0.0	lower
619	620	0.0	lower
620	621	0.0	lower
621	622	0.0	lower
622	623	0.0	lower
623	624	0.0	lower
624	625	0.0	lower
625	626	0.0	lower
626	627	0.0	lower
627	628	0.0	lower
628	629	0.0	lower
629	630	0.0	lower
630	631	0.0	lower
631	632	0.0	lower
632	633	0.010101010101	lower
633	634	0.0	lower
634	635	0.0	lower
635	636	0.0	lower
636	637	0.0	lower
637	638	0.0	lower
638	639	0.0	lower
639	640	0.0	lower
640	641	0.0	lower
641	642	0.0	lower
642	643	0.0	lower
643	644	0.0	lower
644	645	0.0	lower
645	646	0.0	lower
646	647	0.0	lower
647	648	0.0	lower
648	649	0.0	lower
649	650	0.0	lower
650	651	0.0	lower
651	652	0.0	lower
652	653	0.0	lower
653	654	0.00917431192661	lower
654	655	0.0	lower
655	656	0.0	lower
656	657	0.0	lower
657	658	0.0	lower
658	659	0.0	lower
659	660	0.0	lower
660	661	0.0	lower
661	662	0.0	lower
662	663	0.0	lower
663	664	0.0	lower
664	665	0.0	lower
665	666	0.0	lower
666	667	0.0	lower
667	668	0.0	lower
668	669	0.0	lower
669	670	0.0	lower
670	671	0.0	lower
671	672	0.0	lower
672	673	0.0	lower
673	674	0.00952380952381	lower
674	675	0.0	lower
675	676	0.0	lower
676	677	0.0	lower
677	678	0.0	lower
678	679	0.0	lower
679	680	0.0	lower
680	681	0.0	lower
681	682	0.0	lower
682	683	0.0	lower
683	684	0.0	lower
684	685	0.0	lower
685	686	0.0	lower
686	687	0.0	lower
687	688	0.0	lower
688	689	0.0	lower
689	690	0.0	lower
690	691	0.0	lower
691	692	0.0	lower
692	693	0.0	lower
693	694	0.0	lower
694	695	0.0	lower
695	696	0.0	lower
696	697	0.0	lower
697	698	0.0	lower
698	699	0.0	lower
699	700	0.0	lower
700	701	0.0	lower
701	702	0.0	lower
702	703	0.0	lower
703	704	0.0	lower
704	705	0.0	lower
705	706	0.0	lower
706	707	0.0	lower
707	708	0.0	lower
708	709	0.0	lower
709	710	0.0	lower
710	711	0.0	lower
711	712	0.0	lower
712	713	0.0	lower
713	714	0.0	lower
714	715	0.0	lower
715	716	0.0	lower
716	717	0.0	lower
717	718	0.0	lower
718	719	0.0	lower
719	720	0.0	lower
720	721	0.0	lower
721	722	0.0	lower
722	723	0.0	lower
723	724	0.0	lower
724	725	0.0	lower
725	726	0.0	lower
726	727	0.0	lower
727	728	0.0	lower
728	729	0.0	lower
729	730	0.0	lower
730	731	0.00900900900901	lower
731	732	0.0	lower
732	733	0.0	lower
733	734	0.0	lower
734	735	0.0	lower
735	736	0.0	lower
736	737	0.0	lower
737	738	0.0	lower
738	739	0.0	lower
739	740	0.00869565217391	lower
740	741	0.00847457627119	lower
741	742	0.0	lower
742	743	0.0	lower
743	744	0.0	lower
744	745	0.0	lower
745	746	0.0	lower
746	747	0.0	lower
747	748	0.0	lower
748	749	0.0	lower
749	750	0.0	lower
750	751	0.0	lower
751	752	0.0	lower
752	753	0.0	lower
753	754	0.0	lower
754	755	0.0	lower
755	756	0.0	lower
756	757	0.0	lower
757	758	0.0	lower
758	759	0.0	lower
759	760	0.0	lower
760	761	0.0	lower
761	762	0.0	lower
762	763	0.0	lower
763	764	0.0	lower
764	765	0.0	lower
765	766	0.0	lower
766	767	0.0	lower
767	768	0.0	lower
768	769	0.0	lower
769	770	0.0	lower
770	771	0.0	lower
771	772	0.0	lower
772	773	0.0	lower
773	774	0.0	lower
774	775	0.0	lower
775	776	0.0	lower
776	777	0.00869565217391	lower
777	778	0.0	lower
778	779	0.0	lower
779	780	0.0	lower
780	781	0.0	lower
781	782	0.0	lower
782	783	0.0	lower
783	784	0.0	lower
784	785	0.0	lower
785	786	0.0	lower
786	787	0.0	lower
787	788	0.0	lower
788	789	0.0	lower
789	790	0.0	lower
790	791	0.0	lower
791	792	0.0	lower
792	793	0.0	lower
793	794	0.0210526315789	lower
794	795	0.0	lower
795	796	0.0	lower
796	797	0.0	lower
797	798	0.0	lower
798	799	0.0	lower
799	800	0.0	lower
800	801	0.0	lower
801	802	0.0	lower
802	803	0.0	lower
803	804	0.0	lower
804	805	0.0	lower
805	806	0.0	lower
806	807	0.0	lower
807	808	0.0	lower
808	809	0.0	lower
809	810	0.0	lower
810	811	0.0	lower
811	812	0.0	lower
812	813	0.0	lower
813	814	0.0	lower
814	815	0.0	lower
815	816	0.0	lower
816	817	0.0	lower
817	818	0.0	lower
818	819	0.0	lower
819	820	0.00826446280992	lower
820	821	0.0	lower
821	822	0.0	lower
822	823	0.0	lower
823	824	0.0	lower
824	825	0.0	lower
825	826	0.0	lower
826	827	0.0	lower
827	828	0.0	lower
828	829	0.0	lower
829	830	0.0	lower
830	831	0.0	lower
831	832	0.0	lower
832	833	0.00833333333333	lower
833	834	0.0	lower
834	835	0.0	lower
835	836	0.0	lower
836	837	0.0	lower
837	838	0.0	lower
838	839	0.0	lower
839	840	0.0	lower
840	841	0.0	lower
841	842	0.0	lower
842	843	0.0	lower
843	844	0.0	lower
844	845	0.0	lower
845	846	0.0	lower
846	847	0.0	lower
847	848	0.0	lower
848	849	0.0	lower
849	850	0.0	lower
850	851	0.0	lower
851	852	0.00884955752212	lower
852	853	0.0	lower
853	854	0.0	lower
854	855	0.0	lower
855	856	0.0	lower
856	857	0.0	lower
857	858	0.0	lower
858	859	0.0	lower
859	860	0.0	lower
860	861	0.0	lower
861	862	0.0	lower
862	863	0.0	lower
863	864	0.0	lower
864	865	0.0	lower
865	866	0.0	lower
866	867	0.0	lower
867	868	0.0	lower
868	869	0.0	lower
869	870	0.0	lower
870	871	0.0	lower
871	872	0.0	lower
872	873	0.0	lower
873	874	0.0	lower
874	875	0.0	lower
875	876	0.0	lower
876	877	0.0	lower
877	878	0.0	lower
878	879	0.0	lower
879	880	0.0	lower
880	881	0.0	lower
881	882	0.0	lower
882	883	0.0	lower
883	884	0.0	lower
884	885	0.0	lower
885	886	0.0	lower
886	887	0.0	lower
887	888	0.0	lower
888	889	0.0	lower
889	890	0.0	lower
890	891	0.0	lower
891	892	0.0	lower
892	893	0.0	lower
893	894	0.0	lower
894	895	0.0	lower
895	896	0.0	lower
896	897	0.0	lower
897	898	0.0	lower
898	899	0.0	lower
899	900	0.0	lower
900	901	0.0	lower
901	902	0.0	lower
902	903	0.0	lower
903	904	0.0	lower
904	905	0.0	lower
905	906	0.00854700854701	lower
906	907	0.0	lower
907	908	0.0	lower
908	909	0.0	lower
909	910	0.0	lower
910	911	0.0	lower
911	912	0.00840336134454	lower
912	913	0.0	lower
913	914	0.0	lower
914	915	0.0	lower
915	916	0.0	lower
916	917	0.0	lower
917	918	0.0	lower
918	919	0.0	lower
919	920	0.0	lower
920	921	0.0	lower
921	922	0.0	lower
922	923	0.0	lower
923	924	0.0	lower
924	925	0.0	lower
925	926	0.0	lower
926	927	0.0	lower
927	928	0.0	lower
928	929	0.0	lower
929	930	0.0	lower
930	931	0.0	lower
931	932	0.0	lower
932	933	0.0	lower
933	934	0.0	lower
934	935	0.0	lower
935	936	0.0	lower
936	937	0.0	lower
937	938	0.0	lower
938	939	0.0	lower
939	940	0.00819672131148	lower
940	941	0.0	lower
941	942	0.0	lower
942	943	0.0	lower
943	944	0.0	lower
944	945	0.00840336134454	lower
945	946	0.0	lower
946	947	0.0	lower
947	948	0.0	lower
948	949	0.0	lower
949	950	0.0	lower
950	951	0.0	lower
951	952	0.0	lower
952	953	0.0	lower
953	954	0.00826446280992	lower
954	955	0.0	lower
955	956	0.0	lower
956	957	0.0	lower
957	958	0.0	lower
958	959	0.0	lower
959	960	0.0	lower
960	961	0.0	lower
961	962	0.0	lower
962	963	0.0	lower
963	964	0.0	lower
964	965	0.0	lower
965	966	0.0	lower
966	967	0.0	lower
967	968	0.0	lower
968	969	0.0	lower
969	970	0.0	lower
970	971	0.0	lower
971	972	0.0	lower
972	973	0.0	lower
973	974	0.0	lower
974	975	0.0	lower
975	976	0.0	lower
976	977	0.0	lower
977	978	0.0	lower
978	979	0.0	lower
979	980	0.0	lower
980	981	0.0	lower
981	982	0.0	lower
982	983	0.0	lower
983	984	0.0	lower
984	985	0.0	lower
985	986	0.0	lower
986	987	0.0	lower
987	988	0.0	lower
988	989	0.00806451612903	lower
989	990	0.0	lower
990	991	0.0	lower
991	992	0.0	lower
992	993	0.0	lower
993	994	0.0	lower
994	995	0.0	lower
995	996	0.0	lower
996	997	0.0	lower
997	998	0.0	lower
998	999	0.0	lower
999	1000	0.0	lower
1000	1001	0.0	lower
1001	1002	0.129310344828	lower
1002	1003	0.0	lower
1003	1004	0.0	lower
1004	1005	0.0	lower
1005	1006	0.128205128205	lower
1006	1007	0.0	lower
1007	1008	0.0	lower
1008	1009	0.0	lower
1009	1010	0.128205128205	lower
1010	1011	0.0	lower
1011	1012	0.0	lower
1012	1013	0.0	lower
1013	1014	0.0	lower
1014	1015	0.0	lower
1015	1016	0.00909090909091	lower
1016	1017	0.0	lower
1017	1018	0.0	lower
1018	1019	0.0	lower
1019	1020	0.0	lower
1020	1021	0.0	lower
1021	1022	0.0	lower
1022	1023	0.0	lower
1023	1024	0.0	lower
1024	1025	0.0	lower
1025	1026	0.0	lower
1026	1027	0.0	lower
1027	1028	0.0	lower
1028	1029	0.0	lower
1029	1030	0.0	lower
1030	1031	0.0	lower
1031	1032	0.0	lower
1032	1033	0.0	lower
1033	1034	0.0	lower
1034	1035	0.0	lower
1035	1036	0.0	lower
1036	1037	0.0	lower
1037	1038	0.144144144144	lower
1038	1039	0.0	lower
1039	1040	0.0	lower
1040	1041	0.0	lower
1041	1042	0.0	lower
1042	1043	0.0	lower
1043	1044	0.0	lower
1044	1045	0.0	lower
1045	1046	0.0	lower
1046	1047	0.0	lower
1047	1048	0.0	lower
1048	1049	0.0	lower
1049	1050	0.0	lower
1050	1051	0.0	lower
1051	1052	0.0	lower
1052	1053	0.0	lower
1053	1054	0.0	lower
1054	1055	0.0	lower
1055	1056	0.0	lower
1056	1057	0.0	lower
1057	1058	0.0	lower
1058	1059	0.0	lower
1059	1060	0.0	lower
1060	1061	0.0	lower
1061	1062	0.0	lower
1062	1063	0.0	lower
1063	1064	0.0	lower
1064	1065	0.0	lower
1065	1066	0.0	lower
1066	1067	0.0	lower
1067	1068	0.0	lower
1068	1069	0.0	lower
1069	1070	0.0	lower
1070	1071	0.0	lower
1071	1072	0.0	lower
1072	1073	0.0	lower
1073	1074	0.0	lower
1074	1075	0.0	lower
1075	1076	0.0	lower
1076	1077	0.0	lower
1077	1078	0.0	lower
1078	1079	0.0	lower
1079	1080	0.0	lower
1080	1081	0.0	lower
1081	1082	0.0	lower
1082	1083	0.0	lower
1083	1084	0.0	lower
1084	1085	0.0	lower
1085	1086	0.0	lower
1086	1087	0.0	lower
1087	1088	0.0	lower
1088	1089	0.0	lower
1089	1090	0.0111111111111	lower
1090	1091	0.0	lower
1091	1092	0.0	lower
1092	1093	0.0	lower
1093	1094	0.0	lower
1094	1095	0.0114942528736	lower
1095	1096	0.0	lower
1096	1097	0.0112359550562	lower
1097	1098	0.0	lower
1098	1099	0.0	lower
1099	1100	0.0	lower
1100	1101	0.0	lower
1101	1102	0.0	lower
1102	1103	0.0	lower
1103	1104	0.0108695652174	lower
1104	1105	0.0	lower
1105	1106	0.0	lower
1106	1107	0.0	lower
1107	1108	0.0	lower
1108	1109	0.0	lower
1109	1110	0.0	lower
1110	1111	0.0	lower
1111	1112	0.0	lower
1112	1113	0.0	lower
1113	1114	0.0	lower
1114	1115	0.0	lower
1115	1116	0.0	lower
1116	1117	0.0	lower
1117	1118	0.0	lower
1118	1119	0.0	lower
1119	1120	0.164705882353	lower
1120	1121	0.0	lower
1121	1122	0.0	lower
1122	1123	0.0	lower
1123	1124	0.0	lower
1124	1125	0.0	lower
1125	1126	0.0	lower
1126	1127	0.0	lower
1127	1128	0.0112359550562	lower
1128	1129	0.0	lower
1129	1130	0.0	lower
1130	1131	0.0	lower
1131	1132	0.0	lower
1132	1133	0.0	lower
1133	1134	0.0	lower
1134	1135	0.0	lower
1135	1136	0.0	lower
1136	1137	0.0	lower
1137	1138	0.0	lower
1138	1139	0.0	lower
1139	1140	0.0	lower
1140	1141	0.0	lower
1141	1142	0.0117647058824	lower
1142	1143	0.0	lower
1143	1144	0.0	lower
1144	1145	0.0	lower
1145	1146	0.0	lower
1146	1147	0.0	lower
1147	1148	0.0	lower
1148	1149	0.0	lower
1149	1150	0.0	lower
1150	1151	0.0	lower
1151	1152	0.0	lower
1152	1153	0.0	lower
1153	1154	0.0	lower
1154	1155	0.0119047619048	lower
1155	1156	0.0	lower
1156	1157	0.0	lower
1157	1158	0.0	lower
1158	1159	0.0117647058824	lower
1159	1160	0.0	lower
1160	1161	0.0	lower
1161	1162	0.0	lower
1162	1163	0.0	lower
1163	1164	0.0	lower
1164	1165	0.0	lower
1165	1166	0.0	lower
1166	1167	0.0	lower
1167	1168	0.0	lower
1168	1169	0.0	lower
1169	1170	0.0	lower
1170	1171	0.0	lower
1171	1172	0.0	lower
1172	1173	0.0	lower
1173	1174	0.0	lower
1174	1175	0.0	lower
1175	1176	0.0	lower
1176	1177	0.0	lower
1177	1178	0.0	lower
1178	1179	0.0	lower
1179	1180	0.0	lower
1180	1181	0.0	lower
1181	1182	0.0	lower
1182	1183	0.0	lower
1183	1184	0.0	lower
1184	1185	0.0	lower
1185	1186	0.0	lower
1186	1187	0.0	lower
1187	1188	0.0	lower
1188	1189	0.0	lower
1189	1190	0.0	lower
1190	1191	0.0	lower
1191	1192	0.0	lower
1192	1193	0.0	lower
1193	1194	0.0	lower
1194	1195	0.0	lower
1195	1196	0.0	lower
1196	1197	0.0	lower
1197	1198	0.0	lower
1198	1199	0.0	lower
1199	1200	0.0	lower
1200	1201	0.0	lower
1201	1202	0.0	lower
1202	1203	0.0	lower
1203	1204	0.0	lower
1204	1205	0.0	lower
1205	1206	0.0	lower
1206	1207	0.0	lower
1207	1208	0.0	lower
1208	1209	0.0	lower
1209	1210	0.0	lower
1210	1211	0.0	lower
1211	1212	0.0	lower
1212	1213	0.0	lower
1213	1214	0.0	lower
1214	1215	0.0	lower
1215	1216	0.0	lower
1216	1217	0.0	lower
1217	1218	0.0	lower
1218	1219	0.0	lower
1219	1220	0.0	lower
1220	1221	0.0	lower
1221	1222	0.0	lower
1222	1223	0.0	lower
1223	1224	0.0	lower
1224	1225	0.0	lower
1225	1226	0.0	lower
1226	1227	0.0	lower
1227	1228	0.0	lower
1228	1229	0.0	lower
1229	1230	0.0	lower
1230	1231	0.0	lower
1231	1232	0.0	lower
1232	1233	0.0	lower
1233	1234	0.0	lower
1234	1235	0.0	lower
1235	1236	0.0	lower
1236	1237	0.0	lower
1237	1238	0.0120481927711	lower
1238	1239	0.0	lower
1239	1240	0.0	lower
1240	1241	0.0	lower
1241	1242	0.0	lower
1242	1243	0.0	lower
1243	1244	0.0	lower
1244	1245	0.0119047619048	lower
1245	1246	0.0	lower
1246	1247	0.0	lower
1247	1248	0.0	lower
1248	1249	0.0	lower
1249	1250	0.0	lower
1250	1251	0.0	lower
1251	1252	0.0117647058824	lower
1252	1253	0.0	lower
1253	1254	0.0	lower
1254	1255	0.0	lower
1255	1256	0.0	lower
1256	1257	0.0	lower
1257	1258	0.0	lower
1258	1259	0.0	lower
1259	1260	0.0	lower
1260	1261	0.0	lower
1261	1262	0.0	lower
1262	1263	0.0	lower
1263	1264	0.0	lower
1264	1265	0.0	lower
1265	1266	0.0	lower
1266	1267	0.0	lower
1267	1268	0.0	lower
1268	1269	0.0	lower
1269	1270	0.012987012987	lower
1270	1271	0.0	lower
1271	1272	0.0	lower
1272	1273	0.0	lower
1273	1274	0.0	lower
1274	1275	0.0	lower
1275	1276	0.0	lower
1276	1277	0.0	lower
1277	1278	0.0	lower
1278	1279	0.0	lower
1279	1280	0.0	lower
1280	1281	0.0	lower
1281	1282	0.0	lower
1282	1283	0.0	lower
1283	1284	0.0	lower
1284	1285	0.0	lower
1285	1286	0.0	lower
1286	1287	0.0	lower
1287	1288	0.0	lower
1288	1289	0.0	lower
1289	1290	0.0	lower
1290	1291	0.0	lower
1291	1292	0.0	lower
1292	1293	0.0	lower
1293	1294	0.0	lower
1294	1295	0.0	lower
1295	1296	0.0	lower
1296	1297	0.0	lower
1297	1298	0.0	lower
1298	1299	0.0	lower
1299	1300	0.0	lower
1300	1301	0.0	lower
1301	1302	0.0	lower
1302	1303	0.0	lower
1303	1304	0.0	lower
1304	1305	0.0	lower
1305	1306	0.0289855072464	lower
1306	1307	0.0	lower
1307	1308	0.0	lower
1308	1309	0.0	lower
1309	1310	0.0	lower
1310	1311	0.0	lower
1311	1312	0.0	lower
1312	1313	0.0	lower
1313	1314	0.0	lower
1314	1315	0.0	lower
1315	1316	0.0	lower
1316	1317	0.0	lower
1317	1318	0.0	lower
1318	1319	0.0	lower
1319	1320	0.0	lower
1320	1321	0.0	lower
1321	1322	0.0	lower
1322	1323	0.0	lower
1323	1324	0.0	lower
1324	1325	0.0	lower
1325	1326	0.0	lower
1326	1327	0.0	lower
1327	1328	0.0	lower
1328	1329	0.0	lower
1329	1330	0.0	lower
1330	1331	0.0	lower
1331	1332	0.0	lower
1332	1333	0.0	lower
1333	1334	0.0	lower
1334	1335	0.0	lower
1335	1336	0.0	lower
1336	1337	0.0	lower
1337	1338	0.0	lower
1338	1339	0.0	lower
1339	1340	0.0	lower
1340	1341	0.0	lower
1341	1342	0.0	lower
1342	1343	0.0	lower
1343	1344	0.0	lower
1344	1345	0.0	lower
1345	1346	0.0	lower
1346	1347	0.0	lower
1347	1348	0.0	lower
1348	1349	0.0	lower
1349	1350	0.0	lower
1350	1351	0.0	lower
1351	1352	0.0	lower
1352	1353	0.0	lower
1353	1354	0.0	lower
1354	1355	0.0	lower
1355	1356	0.0	lower
1356	1357	0.0	lower
1357	1358	0.0	lower
1358	1359	0.0	lower
1359	1360	0.0	lower
1360	1361	0.0	lower
1361	1362	0.0	lower
1362	1363	0.0	lower
1363	1364	0.0	lower
1364	1365	0.0	lower
1365	1366	0.0	lower
1366	1367	0.0	lower
1367	1368	0.0	lower
1368	1369	0.0	lower
1369	1370	0.0	lower
1370	1371	0.0	lower
1371	1372	0.0	lower
1372	1373	0.0	lower
1373	1374	0.0	lower
1374	1375	0.0	lower
1375	1376	0.0	lower
1376	1377	0.0	lower
1377	1378	0.0	lower
1378	1379	0.0	lower
1379	1380	0.0	lower
1380	1381	0.0	lower
1381	1382	0.0	lower
1382	1383	0.0	lower
1383	1384	0.0	lower
1384	1385	0.0	lower
1385	1386	0.0	lower
1386	1387	0.0	lower
1387	1388	0.0	lower
1388	1389	0.0	lower
1389	1390	0.0	lower
1390	1391	0.0	lower
1391	1392	0.0	lower
1392	1393	0.0	lower
1393	1394	0.0	lower
1394	1395	0.0	lower
1395	1396	0.0	lower
1396	1397	0.0	lower
1397	1398	0.0	lower
1398	1399	0.0	lower
1399	1400	0.0	lower
1400	1401	0.0	lower
1401	1402	0.0	lower
1402	1403	0.0	lower
1403	1404	0.0	lower
1404	1405	0.0	lower
1405	1406	0.0	lower
1406	1407	0.0	lower
1407	1408	0.0	lower
1408	1409	0.0	lower
1409	1410	0.0	lower
1410	1411	0.0	lower
1411	1412	0.0	lower
1412	1413	0.0	lower
1413	1414	0.0	lower
1414	1415	0.0	lower
1415	1416	0.0	lower
1416	1417	0.0	lower
1417	1418	0.0	lower
1418	1419	0.0	lower
1419	1420	0.0	lower
1420	1421	0.0	lower
1421	1422	0.0	lower
1422	1423	0.0	lower
1423	1424	0.0	lower
1424	1425	0.0	lower
1425	1426	0.0	lower
1426	1427	0.0	lower
1427	1428	0.0	lower
1428	1429	0.0	lower
1429	1430	0.0	lower
1430	1431	0.0	lower
1431	1432	0.0	lower
1432	1433	0.0	lower
1433	1434	0.0	lower
1434	1435	0.0	lower
1435	1436	0.0	lower
1436	1437	0.0	lower
1437	1438	0.0	lower
1438	1439	0.0	lower
1439	1440	0.0	lower
1440	1441	0.0	lower
1441	1442	0.0	lower
1442	1443	0.0	lower
1443	1444	0.0	lower
1444	1445	0.0	lower
1445	1446	0.0	lower
1446	1447	0.0	lower
1447	1448	0.0	lower
1448	1449	0.0	lower
1449	1450	0.0	lower
1450	1451	0.0	lower
1451	1452	0.0	lower
1452	1453	0.0	lower
1453	1454	0.0	lower
1454	1455	0.0	lower
1455	1456	0.0	lower
1456	1457	0.0	lower
1457	1458	0.0	lower
1458	1459	0.0	lower
1459	1460	0.0	lower
1460	1461	0.0175438596491	lower
1461	1462	0.0	lower
1462	1463	0.0	lower
1463	1464	0.0	lower
1464	1465	0.0	lower
1465	1466	0.0	lower
1466	1467	0.0	lower
1467	1468	0.0	lower
1468	1469	0.0	lower
1469	1470	0.0	lower
1470	1471	0.0	lower
1471	1472	0.0	lower
1472	1473	0.0	lower
1473	1474	0.0	lower
1474	1475	0.0	lower
1475	1476	0.0	lower
1476	1477	0.0	lower
1477	1478	0.0	lower
1478	1479	0.0	lower
1479	1480	0.0	lower
1480	1481	0.0	lower
1481	1482	0.0	lower
1482	1483	0.0	lower
1483	1484	0.0	lower
1484	1485	0.0	lower
1485	1486	0.0	lower
1486	1487	0.0	lower
1487	1488	0.0	lower
1488	1489	0.0	lower
1489	1490	0.0	lower
1490	1491	0.0	lower
1491	1492	0.0	lower
1492	1493	0.0	lower
1493	1494	0.0	lower
1494	1495	0.0	lower
1495	1496	0.0	lower
1496	1497	0.0	lower
1497	1498	0.0	lower
1498	1499	0.0	lower
1499	1500	0.0	lower
1500	1501	0.0	lower
1501	1502	0.0	lower
1502	1503	0.0	lower
1503	1504	0.0	lower
1504	1505	0.0	lower
1505	1506	0.0	lower
1506	1507	0.0	lower
1507	1508	0.0	lower
1508	1509	0.0	lower
1509	1510	0.0	lower
1510	1511	0.0	lower
1511	1512	0.0	lower
1512	1513	0.0	lower
1513	1514	0.0	lower
1514	1515	0.0	lower
1515	1516	0.0	lower
1516	1517	0.0	lower
1517	1518	0.0	lower
1518	1519	0.0	lower
1519	1520	0.0	lower
1520	1521	0.0	lower
1521	1522	0.0	lower
1522	1523	0.0	lower
1523	1524	0.0	lower
1524	1525	0.0	lower
1525	1526	0.0	lower
1526	1527	0.0	lower
1527	1528	0.0	lower
1528	1529	0.0	lower
1529	1530	0.0	lower
1530	1531	0.0	lower
1531	1532	0.0	lower
1532	1533	0.0	lower
1533	1534	0.0	lower
1534	1535	0.0	lower
1535	1536	0.0	lower
1536	1537	0.0	lower
1537	1538	0.0	lower
1538	1539	0.0	lower
1539	1540	0.0	lower
1540	1541	0.0	lower
1541	1542	0.0	lower
