Base_Position	Entropy
0	
1	
2	
3	
4	
5	
6	
7	
8	
9	
10	
11	
12	
13	
14	
15	
16	
17	
18	
19	
20	
21	
22	
23	
24	
25	
26	
27	
28	
29	
30	
31	
32	
33	
34	
35	0.0320270590705
36	0.0350800224696
37	0.0383043869434
38	0.040415946026
39	0.0418765086296
40	0.044646363067
41	0.0480376879058
42	0.0510749877958
43	0.0539784578636
44	0.0565911523896
45	0.0593622418153
46	0.0623823742662
47	0.0654471554066
48	0.0685708003117
49	0.0713597833501
50	0.0744279041571
51	0.0773358975142
52	0.0804835376924
53	0.0836160537789
54	0.0864671309456
55	0.0886713154716
56	0.0911047760904
57	0.0935498698704
58	0.0960487327683
59	0.0980729541318
60	0.100563863273
61	0.103258735465
62	0.106088042622
63	0.107874317297
64	0.108513235081
65	0.10936088255
66	0.109198670677
67	0.110024012449
68	0.111707979551
69	0.111815346424
70	0.111844670259
71	0.111792993486
72	0.111942111275
73	0.113868037481
74	0.113771024042
75	0.113786583216
76	0.11350280258
77	0.113075174341
78	0.112438923539
79	0.110666446697
80	0.108587335567
81	0.109054957011
82	0.108772591095
83	0.107268692458
84	0.107184391061
85	0.106312597013
86	0.108225631486
87	0.108599016338
88	0.109330368492
89	0.112151874851
90	0.112522221335
91	0.114441378419
92	0.116109198446
93	0.118879340352
94	0.119618428947
95	0.11960517083
96	0.121850992664
97	0.123372250534
98	0.123226826659
99	0.124665129768
100	0.124574833482
101	0.122884362063
102	0.12434760843
103	0.12803230737
104	0.128572937997
105	0.128801602383
106	0.129184485343
107	0.128475158181
108	0.129908930485
109	0.132039979982
110	0.132550738061
111	0.129492323735
112	0.126519709312
113	0.124434450632
114	0.121866188039
115	0.1201943161
116	0.117192932461
117	0.115732514149
118	0.113502561269
119	0.114066508921
120	0.114432662487
121	0.114760016995
122	0.114372859482
123	0.113597361348
124	0.110876331063
125	0.10872513834
126	0.106312050649
127	0.10398710665
128	0.10390028217
129	0.104872029713
130	0.105472183598
131	0.106155374038
132	0.106512115993
133	0.10514197739
134	0.103633494589
135	0.100564549505
136	0.100498317757
137	0.0996018633368
138	0.0982013013013
139	0.0984333657035
140	0.098443074639
141	0.0990526994291
142	0.100301864904
143	0.09992049917
144	0.10020723
145	0.100099505419
146	0.100973113207
147	0.104885851058
148	0.108538804749
149	0.112482663133
150	0.116040799478
151	0.118687244246
152	0.122091023784
153	0.125054245865
154	0.128128571223
155	0.130069072832
156	0.129851292903
157	0.130860111753
158	0.133368039194
159	0.133365182392
160	0.134316304726
161	0.133079765972
162	0.13189486777
163	0.131990771658
164	0.134524100727
165	0.137775854774
166	0.138487288264
167	0.13979103283
168	0.142059445515
169	0.142825670709
170	0.145100986526
171	0.148415374734
172	0.149310221665
173	0.148728884005
174	0.148040183196
175	0.146043537891
176	0.145089654416
177	0.145285952664
178	0.143670036897
179	0.142246267513
180	0.141661574912
181	0.143638167186
182	0.145990350865
183	0.148973944294
184	0.15106654127
185	0.151526336661
186	0.154306272806
187	0.155319678185
188	0.158067678606
189	0.157976315275
190	0.158302115801
191	0.157202614573
192	0.154693777163
193	0.152624817762
194	0.153947376935
195	0.155042495739
196	0.15731433119
197	0.158833530847
198	0.157760934088
199	0.15679930112
200	0.15611882337
201	0.15446253603
202	0.153847240382
203	0.152752531054
204	0.152889015108
205	0.15489829049
206	0.158090461385
207	0.160758750031
208	0.160377956694
209	0.159977466314
210	0.161224424416
211	0.160520866831
212	0.159140845147
213	0.158143300812
214	0.158033202363
215	0.15960645472
216	0.158561677167
217	0.155033272204
218	0.152052863521
219	0.148048074334
220	0.146124143979
221	0.144106305453
222	0.141818729467
223	0.140435846717
224	0.137443517948
225	0.135476145557
226	0.133829375528
227	0.131383945381
228	0.128142554183
229	0.128311928094
230	0.127656750011
231	0.12692074499
232	0.126508321666
233	0.125595671814
234	0.123955759283
235	0.120831586416
236	0.117835075685
237	0.114907555439
238	0.113404546244
239	0.111311652308
240	0.108592808854
241	0.106561137979
242	0.103499732477
243	0.102432255269
244	0.100641137107
245	0.0998713660227
246	0.0975538857371
247	0.0948511128702
248	0.0942933435156
249	0.0943250015357
250	0.094971561066
251	0.0947756650732
252	0.0923689827344
253	0.0886014251774
254	0.0874925463095
255	0.0868348578114
256	0.0866064236085
257	0.0840090283284
258	0.0824371735471
259	0.0815068786426
260	0.07848105033
261	0.0764022807305
262	0.076228077963
263	0.0759502062182
264	0.0745871703109
265	0.0734476223962
266	0.0712088039116
267	0.0699051089611
268	0.0708726836053
269	0.0708834511436
270	0.0687757954518
271	0.0680664602359
272	0.0679227795485
273	0.0669584949739
274	0.0676123224811
275	0.0663370819664
276	0.0641353230578
277	0.0614590854182
278	0.0615052118812
279	0.0615684835987
280	0.060220628332
281	0.0617364274074
282	0.0621247348527
283	0.0606252102079
284	0.0604298311486
285	0.061112831617
286	0.0610963209984
287	0.0607173004389
288	0.0599013279736
289	0.0599013279736
290	0.0583403177431
291	0.0575047357117
292	0.0563720215414
293	0.054916268909
294	0.054872589854
295	0.0547274301925
296	0.0547145415446
297	0.0542644290677
298	0.0563968249161
299	0.0533976056722
300	0.0526703841345
301	0.053148434132
302	0.0540840355208
303	0.0520937570991
304	0.0503210623049
305	0.0502870708918
306	0.0503868761009
307	0.0504016793731
308	0.0495657329078
309	0.0492471677055
310	0.0490649227039
311	0.0476622213317
312	0.0475755824302
313	0.0453881559965
314	0.0447025194564
315	0.0435456975118
316	0.0433977265987
317	0.0433891639066
318	0.0421235247887
319	0.0399507214774
320	0.0366168047237
321	0.034521946742
322	0.0345486424133
323	0.0346178961604
324	0.0350945386049
325	0.035281249775
326	0.0329214310864
327	0.0329112449662
328	0.0309286404755
329	0.0286161168328
330	0.0305982540303
331	0.0319076978612
332	0.0319415329553
333	0.031958656586
334	0.033459325065
335	0.0357856808535
336	0.0377944534465
337	0.0374775477712
338	0.0369706961021
339	0.0349608509891
340	0.0346868559578
341	0.0337901677165
342	0.0313591526017
343	0.0328122293533
344	0.031833894208
345	0.0310390571684
346	0.0325445955147
347	0.0329872075331
348	0.0329801921317
349	0.0346353969058
350	0.0361241675229
351	0.0347322961194
352	0.0342736223584
353	0.0342923711707
354	0.0342838091654
355	0.0342294065521
356	0.03619914525
357	0.0380256913384
358	0.0383122843916
359	0.03847443708
360	0.0383939889525
361	0.0411944427453
362	0.0424969153265
363	0.0442507638876
364	0.0449601906436
365	0.0454203214802
366	0.0457942178455
367	0.046007002385
368	0.0437596439317
369	0.0437948937514
370	0.0438050794916
371	0.0433596505055
372	0.0457163981198
373	0.0477552014048
374	0.0508194501681
375	0.0516553881012
376	0.0532290228554
377	0.0532672017727
378	0.0534381445793
379	0.0534704174173
380	0.0549098647793
381	0.0554618532047
382	0.056525086731
383	0.0586660209931
384	0.0601981739459
385	0.0621034810561
386	0.0626007199361
387	0.0642175852267
388	0.0659759734457
389	0.0663181545793
390	0.0671565680645
391	0.0679350876023
392	0.0702084190287
393	0.0701236668332
394	0.0686557568258
395	0.0676233482978
396	0.0674402266692
397	0.0674871169004
398	0.0697086419964
399	0.0715250299784
400	0.0716603408384
401	0.0704655397035
402	0.0705124104535
403	0.0725682348127
404	0.0710849962649
405	0.0713882061221
406	0.0718334545959
407	0.0748056664446
408	0.07641875245
409	0.0797310578964
410	0.0813697925055
411	0.0828988084666
412	0.0836740141008
413	0.0826200919054
414	0.0836438904493
415	0.0850087163055
416	0.0831472465481
417	0.0840184838381
418	0.0868329269673
419	0.0886083874564
420	0.0905317037658
421	0.094111047573
422	0.0980155864923
423	0.101908384926
424	0.105798727316
425	0.107330361223
426	0.109173090367
427	0.110944426598
428	0.113503919564
429	0.115923639149
430	0.118480114283
431	0.118134748549
432	0.119624937195
433	0.120037202351
434	0.121956948894
435	0.124139610167
436	0.126773798659
437	0.129209127034
438	0.131833059011
439	0.134593888341
440	0.137184785711
441	0.139853351649
442	0.139043917717
443	0.139651118635
444	0.138474347136
445	0.138550843336
446	0.136957928678
447	0.137379950564
448	0.13817062099
449	0.138964036348
450	0.138975928815
451	0.138473089323
452	0.137421664964
453	0.136875034911
454	0.136775901999
455	0.137931448191
456	0.140489101496
457	0.141995146534
458	0.143764540185
459	0.146532452665
460	0.147929691974
461	0.147854159611
462	0.148327543162
463	0.14841927575
464	0.148529850574
465	0.148653176241
466	0.14963363294
467	0.151844706639
468	0.151478006942
469	0.150994972968
470	0.148649188575
471	0.148506403394
472	0.148389755759
473	0.1467911762
474	0.146719434485
475	0.14412898631
476	0.142189400093
477	0.139232686692
478	0.138748873112
479	0.135925483786
480	0.134293072988
481	0.132675002616
482	0.131835557908
483	0.131419892733
484	0.128765850337
485	0.127385213313
486	0.126777423756
487	0.125473760568
488	0.122607639165
489	0.119102904499
490	0.115729935044
491	0.112082323932
492	0.108140291656
493	0.104238931218
494	0.100367336573
495	0.0965837950897
496	0.092761140441
497	0.0892716925226
498	0.0863966705045
499	0.0844094816852
500	0.0818444466817
501	0.079066338184
502	0.0783329775468
503	0.0778966313873
504	0.0766800539326
505	0.0763582968877
506	0.073761808599
507	0.0713196456237
508	0.0709997943104
509	0.0704856130291
510	0.0684467750596
511	0.0682448241924
512	0.0658886716058
513	0.0634389843676
514	0.0615898406678
515	0.0605650711573
516	0.060475984227
517	0.0600048413935
518	0.060772905194
519	0.0620105374527
520	0.0628526935427
521	0.0635780272971
522	0.0636215446059
523	0.0621100460128
524	0.0605435455654
525	0.0590085285688
526	0.0559558735103
527	0.0542186213607
528	0.0506223278339
529	0.0492653749517
530	0.0470666025014
531	0.0463738010666
532	0.043635646647
533	0.0436476691002
534	0.0446813742845
535	0.0455516077272
536	0.0445915207531
537	0.0424206007953
538	0.0405809623399
539	0.0392663550098
540	0.0388374891565
541	0.0413913098865
542	0.0414862764219
543	0.0437325307603
544	0.0462929735038
545	0.047119602775
546	0.0465949839411
547	0.048293383781
548	0.0454185626386
549	0.0450482399116
550	0.0455854355741
551	0.0481887393009
552	0.0486502842799
553	0.048807819553
554	0.0517711720482
555	0.0550853811966
556	0.0580653911312
557	0.0615318592409
558	0.0640349525484
559	0.0665116937835
560	0.0676603931834
561	0.0688659677204
562	0.0689087727165
563	0.0702117127702
564	0.0725912706492
565	0.0757296565058
566	0.0766671440564
567	0.0795872555544
568	0.0822108096864
569	0.081863456123
570	0.0819289894819
571	0.0828259590878
572	0.0810046681225
573	0.0787930712004
574	0.0775604819781
575	0.0781635371552
576	0.0806103764136
577	0.0821405636723
578	0.0812894438889
579	0.0824557579028
580	0.0843416038515
581	0.0833892292607
582	0.083147141075
583	0.0829711970376
584	0.0831032675665
585	0.0846387838085
586	0.0847218421018
587	0.0847890081341
588	0.0847229539943
589	0.0855382848458
590	0.0856930852026
591	0.0881353530292
592	0.0911086160825
593	0.0926701403559
594	0.0952347255697
595	0.0967980674991
596	0.099915279303
597	0.100734222161
598	0.101568296641
599	0.100243882745
600	0.102695472857
601	0.105431386845
602	0.106975406865
603	0.10905721192
604	0.109743840633
605	0.110252342719
606	0.112578550967
607	0.112518202666
608	0.112442479974
609	0.11372593757
610	0.11486951421
611	0.115655552242
612	0.119099623387
613	0.120063611591
614	0.120860436678
615	0.122937908138
616	0.122981973398
617	0.121257888989
618	0.123984615428
619	0.123984284052
620	0.123539744893
621	0.12177016528
622	0.122202062074
623	0.125315708992
624	0.125214102674
625	0.125734338497
626	0.124048873432
627	0.124205871816
628	0.122740147165
629	0.120592597227
630	0.12095250682
631	0.120521541683
632	0.120812293282
633	0.12240466569
634	0.12335906115
635	0.122351849875
636	0.123523566006
637	0.122162152327
638	0.120981624441
639	0.120725732545
640	0.120721929201
641	0.119863284995
642	0.120057549459
643	0.1209312782
644	0.122622300043
645	0.12077724257
646	0.120927746617
647	0.122436282586
648	0.121084976811
649	0.117829766256
650	0.115398184718
651	0.114038932735
652	0.11405074297
653	0.114269340189
654	0.115024017838
655	0.114477199382
656	0.114411263652
657	0.11438567125
658	0.113189612986
659	0.110955682572
660	0.108552823993
661	0.105352180666
662	0.102322978124
663	0.101653159547
664	0.0993126731115
665	0.0972943542237
666	0.0952593477445
667	0.0930991786416
668	0.0924728412109
669	0.0920259796427
670	0.0912717385737
671	0.0885938202583
672	0.0871249679291
673	0.0881161030146
674	0.089920894922
675	0.0897120841209
676	0.0890675015328
677	0.0897053899393
678	0.0909007266814
679	0.0896212742923
680	0.0884540431493
681	0.0851655424615
682	0.0832162918286
683	0.0802589864302
684	0.0774322317755
685	0.0747058584467
686	0.0766462600984
687	0.0786220266902
688	0.0764168779883
689	0.0775690273967
690	0.0775401505928
691	0.078476785047
692	0.0776287809713
693	0.0744688688754
694	0.071672647733
695	0.0683572499598
696	0.0671392401573
697	0.0636305031328
698	0.0642712131409
699	0.0662680874191
700	0.0674474342606
701	0.0691072657457
702	0.071830627997
703	0.0722214676036
704	0.0691929241169
705	0.0674964541518
706	0.0662007846561
707	0.0653723830981
708	0.0664574218001
709	0.0682889279659
710	0.0714298117652
711	0.074317268808
712	0.0768151775866
713	0.079238890296
714	0.0780073423108
715	0.077821160668
716	0.0748821338251
717	0.0716539723438
718	0.0713908971528
719	0.0711925831172
720	0.0724160698133
721	0.0727812954745
722	0.0728139143503
723	0.0741916987222
724	0.0732751796719
725	0.0739785371283
726	0.0746898589668
727	0.0774579892711
728	0.0796604394762
729	0.079085021523
730	0.079085021523
731	0.0791046556237
732	0.0791794422747
733	0.0785104387279
734	0.0783368205718
735	0.0780027918993
736	0.0782714481117
737	0.0790685358606
738	0.0808307691936
739	0.0811996127813
740	0.0795061249795
741	0.0801309554132
742	0.0800776046398
743	0.0775140996482
744	0.0739242685303
745	0.074178709143
746	0.0725584386067
747	0.0719456171047
748	0.0710054373595
749	0.0714553857051
750	0.0715073471645
751	0.0715199879892
752	0.0701377619575
753	0.0694612078552
754	0.0689141851286
755	0.0686785903767
756	0.0667519715825
757	0.0647863911109
758	0.0642578776198
759	0.0631054462977
760	0.0630917954408
761	0.0612947394472
762	0.0612990469178
763	0.0616401927021
764	0.0619121917389
765	0.0623179988595
766	0.0622045877195
767	0.0620898582504
768	0.0604957527699
769	0.0599787166298
770	0.0574065629978
771	0.0549951796094
772	0.0526377693319
773	0.0506209687622
774	0.0509331121674
775	0.0507536915523
776	0.051574498643
777	0.0525510834206
778	0.0515011321892
779	0.0498051490089
780	0.0466190415417
781	0.0437097675816
782	0.0407897708356
783	0.0376249749121
784	0.0384442837676
785	0.0375913010607
786	0.0379732508107
787	0.0397902885557
788	0.0419618706722
789	0.0454818088878
790	0.0465342907391
791	0.0479516132483
792	0.0504006386926
793	0.0498893877423
794	0.0520422147069
795	0.0515588733913
796	0.0535673415844
797	0.051104766722
798	0.0497467025642
799	0.0525909099891
800	0.0558306450467
801	0.0584702189234
802	0.0604836662544
803	0.0628981122719
804	0.0665538004256
805	0.0696702441114
806	0.0719329188829
807	0.0742867878045
808	0.075688400291
809	0.0787130458427
810	0.082073708762
811	0.0851755487061
812	0.0890212926685
813	0.0919058393479
814	0.0951676432615
815	0.0965311207203
816	0.100487900926
817	0.103479509445
818	0.104231069092
819	0.10483688142
820	0.106736088732
821	0.108254147307
822	0.10847904785
823	0.109600187096
824	0.113261052614
825	0.113699531679
826	0.114004391595
827	0.116097902505
828	0.117883427869
829	0.119616980521
830	0.119584585118
831	0.120546688279
832	0.121620245462
833	0.121934490789
834	0.124349064206
835	0.125834233466
836	0.125851354962
837	0.12587010164
838	0.125801626905
839	0.124560959819
840	0.126031873342
841	0.129198532841
842	0.131760173884
843	0.133685336336
844	0.133103648048
845	0.132873435603
846	0.13261322924
847	0.132261716662
848	0.131984389644
849	0.133410565972
850	0.134205839854
851	0.135034383322
852	0.13519354868
853	0.135078636592
854	0.133565420399
855	0.133611243086
856	0.133130576914
857	0.133070805628
858	0.131720388091
859	0.129046112643
860	0.129362371274
861	0.129359487339
862	0.127364499725
863	0.12631198796
864	0.124255753936
865	0.123073334387
866	0.120357549563
867	0.121586683727
868	0.121691751926
869	0.121692180064
870	0.118460390795
871	0.117573062459
872	0.115497250656
873	0.112819488858
874	0.109099446816
875	0.105272869881
876	0.101716322037
877	0.0986183849934
878	0.0952810408411
879	0.0919610129115
880	0.0899672579364
881	0.087742891847
882	0.0844608760362
883	0.0809973821571
884	0.077673199182
885	0.0747593954979
886	0.071115728005
887	0.0680825430297
888	0.0687844572142
889	0.0677605541657
890	0.0670266560252
891	0.0654600959318
892	0.0650213920386
893	0.0639048352759
894	0.0613924992154
895	0.0612465399907
896	0.0608986330935
897	0.058854563331
898	0.0571112192639
899	0.056992203101
900	0.0587569223289
901	0.0578659403631
902	0.0567858385822
903	0.056165342487
904	0.0535498952558
905	0.0514808298634
906	0.0514637083678
907	0.0544976408018
908	0.05611013236
909	0.0555423830229
910	0.0539791083296
911	0.050887831226
912	0.0490013403439
913	0.0471146325768
914	0.0473693694866
915	0.0473996318871
916	0.0476771171755
917	0.047822244694
918	0.0468672260482
919	0.0453381477457
920	0.0460945277641
921	0.0452949106852
922	0.0453045439467
923	0.0453322819267
924	0.0453572677347
925	0.0452864609974
926	0.0452302273727
927	0.0436217926311
928	0.0428638070417
929	0.0420234569817
930	0.0418790644585
931	0.0399790463952
932	0.0405528693285
933	0.041625141815
934	0.0415199861823
935	0.0415632140554
936	0.0419333936275
937	0.0403634542013
938	0.0390047344961
939	0.0363855763672
940	0.0372471331395
941	0.0362759959019
942	0.0362853938459
943	0.0379023290251
944	0.0378921432848
945	0.0378756326662
946	0.0378515800719
947	0.037788375772
948	0.0377353903771
949	0.0376988095112
950	0.0363200927795
951	0.0372728579173
952	0.0383350032749
953	0.0400572847291
954	0.0438090633902
955	0.0446474096125
956	0.0449408856085
957	0.0452993336929
958	0.0441542666059
959	0.0440910950908
960	0.0439807320793
961	0.0448560832378
962	0.0453157237124
963	0.0486716838703
964	0.0506692484865
965	0.0540871396994
966	0.058100210128
967	0.0613746752415
968	0.0628477611648
969	0.0633882063853
970	0.0641097566897
971	0.0678719529284
972	0.0715421783272
973	0.0738958384221
974	0.0778372023682
975	0.0810652532021
976	0.0842707039951
977	0.0836239476309
978	0.0825420222481
979	0.0832364763053
980	0.0846655790904
981	0.0848028890809
982	0.0862895906781
983	0.0882612378932
984	0.0916421287275
985	0.0946145144289
986	0.0952866135475
987	0.0962098584586
988	0.0992240538674
989	0.102604426913
990	0.103395099834
991	0.106449750702
992	0.108462106556
993	0.110067339291
994	0.112552042427
995	0.115625935255
996	0.119219239587
997	0.120941808874
998	0.122525085862
999	0.125147279439
1000	0.125521325727
1001	0.128274621561
1002	0.129676444944
1003	0.132381168791
1004	0.135498809652
1005	0.139381402059
1006	0.142440096803
1007	0.145365869984
1008	0.148802632295
1009	0.149520213461
1010	0.149193226406
1011	0.148358245286
1012	0.148374527258
1013	0.146745957008
1014	0.146798329391
1015	0.146804654269
1016	0.149147572265
1017	0.149113325004
1018	0.149111087878
1019	0.149074207534
1020	0.149084392206
1021	0.147026619388
1022	0.145381166088
1023	0.143672316467
1024	0.141695775713
1025	0.141153899598
1026	0.140448462411
1027	0.140079828207
1028	0.139571920937
1029	0.139603234828
1030	0.138495929118
1031	0.137611404389
1032	0.137143202977
1033	0.133793854353
1034	0.130700132663
1035	0.127044340729
1036	0.123041453215
1037	0.119770532349
1038	0.118287264581
1039	0.116034671425
1040	0.114507639649
1041	0.111662121139
1042	0.108004315782
1043	0.105529562133
1044	0.101499230606
1045	0.0979325676318
1046	0.0956316815867
1047	0.0957154271108
1048	0.0951773111003
1049	0.09446573448
1050	0.0944004840091
1051	0.0942506611548
1052	0.091957963493
1053	0.0887371262592
1054	0.0854617217776
1055	0.0824959476103
1056	0.0801962904973
1057	0.0777335960723
1058	0.0745425209505
1059	0.0711397130136
1060	0.0702164057585
1061	0.0675667031238
1062	0.065373738416
1063	0.0642821778971
1064	0.062502528501
1065	0.0604922990161
1066	0.0569942585188
1067	0.0551695212348
1068	0.0535621869963
1069	0.0509613731801
1070	0.0481246068002
1071	0.0455313799794
1072	0.0431122775263
1073	0.0409220144631
1074	0.0378471814199
1075	0.0339217592307
1076	0.0305573485824
1077	0.0276401359589
1078	0.024163822223
1079	0.0231327214903
1080	0.0250347407551
1081	0.0267647923252
1082	0.0294073873268
1083	0.0311160579401
1084	0.0336960182055
1085	0.0370344283562
1086	0.0369804366771
1087	0.0390257666155
1088	0.0410520743495
1089	0.0421348591725
1090	0.0423249231319
1091	0.0424130292981
1092	0.0446543173615
1093	0.0448011157483
1094	0.0447080693747
1095	0.0460383678858
1096	0.0480329231107
1097	0.0501734253452
1098	0.0532556923219
1099	0.0560000361252
1100	0.058446137204
1101	0.0619926965303
1102	0.0651086443961
1103	0.0672062866315
1104	0.0691328315148
1105	0.071957648102
1106	0.07538145213
1107	0.0754816179056
1108	0.0766841449212
1109	0.0767092086182
1110	0.0784281884625
1111	0.0777334077885
1112	0.07782214464
1113	0.0786493027487
1114	0.0801243251434
1115	0.0818855251817
1116	0.0829097209097
1117	0.0830972916323
1118	0.0861486556614
1119	0.0874487544862
1120	0.0877833663509
1121	0.08871171296
1122	0.0881783065239
1123	0.0881362009778
1124	0.0883797276205
1125	0.0883450908129
1126	0.088374020408
1127	0.0883809702478
1128	0.0905910385247
1129	0.0924302676592
1130	0.0936801450699
1131	0.0939782480891
1132	0.0965141705783
1133	0.097939259401
1134	0.0974711614369
1135	0.0964173929061
1136	0.0988845598644
1137	0.101340101878
1138	0.103520723315
1139	0.103518088097
1140	0.10355334219
1141	0.104014899211
1142	0.103996768749
1143	0.102357043677
1144	0.102343170411
1145	0.102383101824
1146	0.102328822141
1147	0.102302127917
1148	0.103416403641
1149	0.103392341594
1150	0.1015012772
1151	0.0997439169467
1152	0.0970552712356
1153	0.0953341784427
1154	0.0941032580007
1155	0.0907911439831
1156	0.0884709059115
1157	0.0865837243051
1158	0.0845574165711
1159	0.083466069056
1160	0.083244836619
1161	0.0830450592494
1162	0.0810951262679
1163	0.0826248481939
1164	0.0809708012828
1165	0.079336483897
1166	0.0783932581897
1167	0.0768736234682
1168	0.0738556457689
1169	0.0711353220318
1170	0.069343038458
1171	0.0657612207683
1172	0.0644124648956
1173	0.0622769376228
1174	0.0602878342365
1175	0.0579573490947
1176	0.054566903807
1177	0.0544537049772
1178	0.0531902471589
1179	0.0548272459031
1180	0.0525730215354
1181	0.0562182329145
1182	0.0579888767376
1183	0.0596101719619
1184	0.0609610939508
1185	0.0591547428707
1186	0.0572174207694
1187	0.0545112457763
1188	0.0515132620273
1189	0.0508629441347
1190	0.0507260658629
1191	0.0496583689844
1192	0.0496663158422
1193	0.0498828287578
1194	0.0499583665098
1195	0.0499818092994
1196	0.050884977652
1197	0.050885245139
1198	0.0502478948764
1199	0.0496945454953
1200	0.0470863615039
1201	0.0463629437329
1202	0.0438388314786
1203	0.0418545990202
1204	0.0416140780203
1205	0.0415774889838
1206	0.0390166823062
1207	0.0366638475966
1208	0.0374704490329
1209	0.0408876114195
1210	0.0434360815819
1211	0.0449699790593
1212	0.0465662472469
1213	0.0466643740539
1214	0.0467165624113
1215	0.046641989917
1216	0.0483744305126
1217	0.0497793680164
1218	0.0494276187434
1219	0.0513690142869
1220	0.0508854233476
1221	0.0539171829908
1222	0.0568168278467
1223	0.0570142063312
1224	0.0559386496936
1225	0.0592665523999
1226	0.0596501029029
1227	0.0632092875557
1228	0.0655940362049
1229	0.0678528940288
1230	0.0702936940489
1231	0.0699586339104
1232	0.0711984479393
1233	0.0703604668437
1234	0.0704184514356
1235	0.072511662621
1236	0.0735708126759
1237	0.0756510320207
1238	0.0777469045975
1239	0.0798119872488
1240	0.080073601809
1241	0.0803262663371
1242	0.0787789273507
1243	0.082702208099
1244	0.0839409490881
1245	0.0834225586366
1246	0.0846222708685
1247	0.084597816976
1248	0.086904914597
1249	0.0868659020554
1250	0.0887897221166
1251	0.0885379496939
1252	0.0866964049593
1253	0.084265685066
1254	0.0814289426176
1255	0.0841271328502
1256	0.0863331902422
1257	0.0890363023926
1258	0.0921599039139
1259	0.0944851603513
1260	0.0935082615853
1261	0.0935616450709
1262	0.0963161203884
1263	0.0978758969633
1264	0.0971937993024
1265	0.097198671647
1266	0.0962800069818
1267	0.0979557078628
1268	0.0963595470587
1269	0.0955715030059
1270	0.095478786292
1271	0.0954333460783
1272	0.0958685595812
1273	0.0974066676903
1274	0.0975104858807
1275	0.100672126283
1276	0.102161653424
1277	0.102531135613
1278	0.101021745119
1279	0.0976579909976
1280	0.0950704054998
1281	0.0928561883136
1282	0.0917110538062
1283	0.0916544276968
1284	0.0916303818252
1285	0.0916763184797
1286	0.0906076377819
1287	0.089228383399
1288	0.088453434081
1289	0.0880503297063
1290	0.0884755018579
1291	0.0869535354984
1292	0.0872394064352
1293	0.0872789888921
1294	0.0885138050552
1295	0.0856315934548
1296	0.0852691707223
1297	0.0815683494228
1298	0.079208589786
1299	0.0769701048893
1300	0.0764685523446
1301	0.0782617522555
1302	0.0767171502423
1303	0.0758121873886
1304	0.0757431807379
1305	0.0753123232071
1306	0.0732157190356
1307	0.0713700212981
1308	0.0695089758951
1309	0.0674699177143
1310	0.0665202426584
1311	0.0662916403383
1312	0.0660552767129
1313	0.0627633632123
1314	0.0615058723448
1315	0.061502011103
1316	0.0603000307092
1317	0.0605029567439
1318	0.0584378374422
1319	0.0583406473189
1320	0.0578486696375
1321	0.0564354036488
1322	0.0569146997973
1323	0.0569460030012
1324	0.0569193055757
1325	0.0542376259617
1326	0.0520958076437
1327	0.0515463132147
1328	0.0488570866789
1329	0.0473555857123
1330	0.0473829164156
1331	0.0498615499449
1332	0.0489720581012
1333	0.0487988745054
1334	0.048927995349
1335	0.0490315492222
1336	0.0490293120952
1337	0.0472591785133
1338	0.0472137329636
1339	0.0467297715965
1340	0.0467297715965
1341	0.0467313957114
1342	0.0467483698922
1343	0.0453075080112
1344	0.0451641355708
1345	0.0420377492618
1346	0.040556783746
1347	0.0400417917741
1348	0.0388158480356
1349	0.0387891275823
1350	0.038833554177
1351	0.0388233680568
1352	0.0385192088229
1353	0.0399420698141
1354	0.0399571648286
1355	0.0399214139143
1356	0.0392161561411
1357	0.039192097135
1358	0.0392069014748
1359	0.0376343651798
1360	0.0370751270811
1361	0.0359608681543
1362	0.0327651662414
1363	0.0325485750253
1364	0.0310082740863
1365	0.030617005941
1366	0.0306107636067
1367	0.0306028146134
1368	0.0305715007227
1369	0.0305751900035
1370	0.0286194308427
1371	0.0267785482552
1372	0.0267544878015
1373	0.0268052424776
1374	0.0280567805489
1375	0.0278116964052
1376	0.0289209993063
1377	0.028098629288
1378	0.0278597779422
1379	0.0294268105164
1380	0.0296999114289
1381	0.0316430374211
1382	0.0332484520556
1383	0.0341976348043
1384	0.0359412540623
1385	0.0378884247735
1386	0.0399713985287
1387	0.0416058686976
1388	0.0417899513045
1389	0.0415408817221
1390	0.0418480485325
1391	0.0412415736558
1392	0.0435076662593
1393	0.0458708753198
1394	0.0482035217924
1395	0.0505315915582
1396	0.052738707599
1397	0.0533753454709
1398	0.0529916510327
1399	0.0528684569163
1400	0.0532847566579
1401	0.0532971692191
1402	0.0544074888772
1403	0.0549235801626
1404	0.0575817303882
1405	0.0582212947963
1406	0.0605018258856
1407	0.0628896653955
1408	0.066019699807
1409	0.0688569877487
1410	0.0707738067782
1411	0.0714959564986
1412	0.0716151579604
1413	0.0733115186242
1414	0.0758450028958
1415	0.0784410974178
1416	0.0811768913858
1417	0.082142907333
1418	0.0848433128297
1419	0.0876461091838
1420	0.0887030169038
1421	0.0912338584411
1422	0.0933571750653
1423	0.0938368243926
1424	0.0971102723348
1425	0.100118040992
1426	0.100786209346
1427	0.103787782361
1428	0.106429822303
1429	0.10904946795
1430	0.111728243895
1431	0.11339604603
1432	0.114507912725
1433	0.115172359845
1434	0.116967282917
1435	0.118484088894
1436	0.119376446464
1437	0.120709180916
1438	0.122834567099
1439	0.125429875266
1440	0.126803036566
1441	0.129208397656
1442	0.131484564541
1443	0.134073555023
1444	0.135337359323
1445	0.135740685776
1446	0.135795443766
1447	0.136986264716
1448	0.136913142793
1449	0.137280814202
1450	0.137372968732
1451	0.136143815516
1452	0.134637647451
1453	0.133123612219
1454	0.132539873175
1455	0.132081490816
1456	0.131233981385
1457	0.129391272473
1458	0.128946462735
1459	0.12761404552
1460	0.125398051294
1461	0.123731334953
1462	0.120893740836
1463	0.118446236769
1464	0.116113590296
1465	0.113758823105
1466	0.111468719178
1467	0.108688650771
1468	0.108557892518
1469	0.107187177305
1470	0.106087738523
1471	0.103524560135
1472	0.100495867109
1473	0.0983499725033
1474	0.0955007119161
1475	0.0946917830102
1476	0.0923759935576
1477	0.0899614566221
1478	0.086841609397
1479	0.0839700741947
1480	0.0820243206127
1481	0.0812919840853
1482	0.0807002220127
1483	0.0788713567573
1484	0.0763191236735
1485	0.0736690262457
1486	0.0709042977252
1487	0.0699179088509
1488	0.0669366801609
1489	0.0640542041919
1490	0.0629363581919
1491	0.0603969539625
1492	0.058081219856
1493	0.0561372088398
1494	0.0527915888449
1495	0.0497548856355
1496	0.0490765304743
1497	0.0460545845319
1498	0.0433812285653
1499	0.0407513961109
1500	0.038072620166
1501	0.0359990968671
1502	0.0348786674803
1503	0.0341671532093
1504	0.0323331105323
1505	0.0307276364681
1506	0.0298085832272
1507	0.0284774728903
1508	
1509	
1510	
1511	
1512	
1513	
1514	
1515	
1516	
1517	
1518	
1519	
1520	
1521	
1522	
1523	
1524	
1525	
1526	
1527	
1528	
1529	
1530	
1531	
1532	
1533	
1534	
1535	
1536	
1537	
1538	
1539	
1540	
1541	
